example_id,task_depth,loop,split,seed,family,initial_state,prediction,intermediate_target,intermediate_correct,final_target,final_correct,post_completion,intermediate_loss,intermediate_margin,final_margin,predicted_margin,answer_entropy,target_rank,top_symbols,r_prediction,r_intermediate_correct,r_c_agree,r_intermediate_loss,stop_logit,stop_probability,stop_target,stop_loss
train-017550-2da9fdf39c01ec4c,1,1,train,3290440225507109964,pointer,I,T,T,True,T,True,False,2.0178024768829346,0.3125,0.3125,0.3125,3.056216081029749,1,T P Q,Z,False,False,3.637916326522827,-0.314453125,0.42202815413475037,True,0.8626832365989685
train-017550-2da9fdf39c01ec4c,1,2,train,3290440225507109964,pointer,I,S,,,T,False,True,,,0.0,0.0,3.0260662765169126,,S T Q,Z,,False,,-0.158203125,0.4605315029621124,,
train-017550-2da9fdf39c01ec4c,1,3,train,3290440225507109964,pointer,I,S,,,T,False,True,,,-1.9375,0.625,2.8169540327113416,,S I Q,B,,False,,-0.01129150390625,0.4971771836280823,,
train-017550-2da9fdf39c01ec4c,1,4,train,3290440225507109964,pointer,I,H,,,T,False,True,,,-3.71875,0.375,2.318892712211533,,H J F,W,,False,,0.0771484375,0.5192775726318359,,
train-017550-2da9fdf39c01ec4c,1,5,train,3290440225507109964,pointer,I,Q,,,T,False,True,,,-3.09375,0.5625,2.2679753351517875,,Q H B,W,,False,,0.10986328125,0.527438223361969,,
train-017550-2da9fdf39c01ec4c,1,6,train,3290440225507109964,pointer,I,Q,,,T,False,True,,,-3.5,1.4375,1.5881168498494451,,Q B A,P,,False,,0.11376953125,0.5284117460250854,,
train-017550-2da9fdf39c01ec4c,1,7,train,3290440225507109964,pointer,I,Q,,,T,False,True,,,-2.4375,0.125,2.274297724131386,,Q I B,P,,False,,0.126953125,0.5316957235336304,,
train-017550-2da9fdf39c01ec4c,1,8,train,3290440225507109964,pointer,I,I,,,T,False,True,,,-5.78125,1.9375,1.1806020262197732,,I B Y,W,,False,,0.154296875,0.5384978652000427,,
train-017550-2da9fdf39c01ec4c,1,9,train,3290440225507109964,pointer,I,I,,,T,False,True,,,-5.0625,2.1875,1.346227648585988,,I B J,W,,False,,0.12890625,0.532181978225708,,
train-017550-2da9fdf39c01ec4c,1,10,train,3290440225507109964,pointer,I,I,,,T,False,True,,,-3.4375,0.75,2.0381690689961593,,I J V,W,,False,,0.11474609375,0.5286551117897034,,
train-017550-2da9fdf39c01ec4c,1,11,train,3290440225507109964,pointer,I,J,,,T,False,True,,,-3.0625,0.375,2.1210041743645833,,J I V,W,,False,,0.11669921875,0.5291417241096497,,
train-017550-2da9fdf39c01ec4c,1,12,train,3290440225507109964,pointer,I,J,,,T,False,True,,,-3.625,1.0625,1.991603899992132,,J I V,W,,False,,0.126953125,0.5316957235336304,,
train-028513-482db515c5465556,2,1,train,5201012249791452502,pointer,E,B,H,False,X,False,False,3.110039710998535,-1.3125,-3.3125,0.3125,2.9252067059625024,10,B A Q,Z,False,False,3.671802282333374,-0.302734375,0.4248892068862915,False,0.5531925559043884
train-028513-482db515c5465556,2,2,train,5201012249791452502,pointer,E,Q,X,False,X,False,False,4.607497215270996,-2.875,-2.875,0.875,2.9651534554411416,23,Q E A,Z,False,False,3.6374948024749756,-0.1708984375,0.4573790431022644,True,0.7822427749633789
train-028513-482db515c5465556,2,3,train,5201012249791452502,pointer,E,E,,,X,False,True,,,-4.375,0.8125,2.6703966527831837,,E Y Q,B,,False,,-0.0269775390625,0.4932560324668884,,
train-028513-482db515c5465556,2,4,train,5201012249791452502,pointer,E,Q,,,X,False,True,,,-4.71875,0.6875,2.424245788087067,,Q J A,B,,False,,0.064453125,0.5161076784133911,,
train-028513-482db515c5465556,2,5,train,5201012249791452502,pointer,E,J,,,X,False,True,,,-7.51171875,0.75,2.001508307558251,,J Q V,W,,False,,0.11083984375,0.5276816487312317,,
train-028513-482db515c5465556,2,6,train,5201012249791452502,pointer,E,J,,,X,False,True,,,-6.25,0.125,1.9388842838189948,,J Q B,W,,False,,0.12255859375,0.5306013822555542,,
train-028513-482db515c5465556,2,7,train,5201012249791452502,pointer,E,J,,,X,False,True,,,-6.609375,0.5,2.1007072104322204,,J V Q,W,,False,,0.123046875,0.530722975730896,,
train-028513-482db515c5465556,2,8,train,5201012249791452502,pointer,E,J,,,X,False,True,,,-7.484375,0.75,2.086013519645942,,J V I,W,,False,,0.11865234375,0.529628336429596,,
train-028513-482db515c5465556,2,9,train,5201012249791452502,pointer,E,J,,,X,False,True,,,-7.484375,1.125,2.193139122288033,,J C I,W,,False,,0.1142578125,0.528533399105072,,
train-028513-482db515c5465556,2,10,train,5201012249791452502,pointer,E,J,,,X,False,True,,,-7.0390625,0.6875,2.3224408519552613,,J C F,W,,False,,0.11669921875,0.5291417241096497,,
train-028513-482db515c5465556,2,11,train,5201012249791452502,pointer,E,J,,,X,False,True,,,-6.46875,0.375,2.357715374449848,,J C F,W,,False,,0.1220703125,0.5304797887802124,,
train-028513-482db515c5465556,2,12,train,5201012249791452502,pointer,E,F,,,X,False,True,,,-6.609375,0.875,2.1326150509142328,,F C H,W,,False,,0.12890625,0.532181978225708,,
train-027434-d400c0bd81dcd93e,3,1,train,15276421856200808766,pointer,D,D,D,True,D,True,False,1.855067491531372,0.6875,0.6875,0.6875,3.049877395553567,1,D K E,Z,False,False,3.8760385513305664,-0.318359375,0.42107561230659485,False,0.5465834140777588
train-027434-d400c0bd81dcd93e,3,2,train,15276421856200808766,pointer,D,D,D,True,D,True,False,1.3869179487228394,1.125,1.125,1.125,2.8662071784679135,1,D E A,Z,False,False,3.9058709144592285,-0.1865234375,0.45350387692451477,False,0.6042280197143555
train-027434-d400c0bd81dcd93e,3,3,train,15276421856200808766,pointer,D,E,D,False,D,False,False,2.022735595703125,-0.25,-0.25,0.1875,2.7792055521086314,3,E Q D,Z,False,False,3.8423984050750732,-0.056396484375,0.4859045743942261,True,0.7217429280281067
train-027434-d400c0bd81dcd93e,3,4,train,15276421856200808766,pointer,D,H,,,D,False,True,,,-3.1875,0.5625,2.4721802682481018,,H C I,Z,,False,,0.0228271484375,0.5057065486907959,,
train-027434-d400c0bd81dcd93e,3,5,train,15276421856200808766,pointer,D,Q,,,D,False,True,,,-3.8125,0.875,2.16518101564368,,Q E J,Q,,True,,0.0830078125,0.5207400918006897,,
train-027434-d400c0bd81dcd93e,3,6,train,15276421856200808766,pointer,D,E,,,D,False,True,,,-2.5625,0.0,2.2135289791083688,,E Q T,Q,,False,,0.12451171875,0.5310877561569214,,
train-027434-d400c0bd81dcd93e,3,7,train,15276421856200808766,pointer,D,E,,,D,False,True,,,-1.6875,0.125,2.3558985213219725,,E V T,Q,,False,,0.142578125,0.5355842709541321,,
train-027434-d400c0bd81dcd93e,3,8,train,15276421856200808766,pointer,D,V,,,D,False,True,,,-1.4375,0.5625,2.4308002368430586,,V E T,W,,False,,0.134765625,0.5336405038833618,,
train-027434-d400c0bd81dcd93e,3,9,train,15276421856200808766,pointer,D,V,,,D,False,True,,,-1.0625,0.5,2.587437299458601,,V I T,Q,,False,,0.126953125,0.5316957235336304,,
train-027434-d400c0bd81dcd93e,3,10,train,15276421856200808766,pointer,D,I,,,D,False,True,,,-1.0625,0.375,2.5673105567716963,,I S T,Q,,False,,0.12890625,0.532181978225708,,
train-027434-d400c0bd81dcd93e,3,11,train,15276421856200808766,pointer,D,J,,,D,False,True,,,-1.25,0.125,2.454925733244281,,J I S,Q,,False,,0.13671875,0.5341265201568604,,
train-027434-d400c0bd81dcd93e,3,12,train,15276421856200808766,pointer,D,J,,,D,False,True,,,-1.9375,0.625,2.322241632717442,,J S P,Q,,False,,0.1455078125,0.5363128781318665,,
train-011064-51a24a3d90468f93,4,1,train,5882345691573292947,pointer,X,Q,J,False,D,False,False,3.067941188812256,-1.0,-2.0625,0.375,3.0471212066352127,8,Q R Y,Z,False,False,3.9534451961517334,-0.30078125,0.42536652088165283,False,0.5540228486061096
train-011064-51a24a3d90468f93,4,2,train,5882345691573292947,pointer,X,Y,D,False,D,False,False,3.7661850452423096,-1.75,-1.75,0.3125,3.0093196844073886,18,Y Q Z,Z,False,False,3.7779664993286133,-0.16796875,0.45810630917549133,False,0.6126853227615356
train-011064-51a24a3d90468f93,4,3,train,5882345691573292947,pointer,X,Y,B,False,D,False,False,3.244323253631592,-1.5625,-3.3125,0.3125,2.755390262458732,8,Y X Q,Z,False,False,2.623216152191162,-0.0087890625,0.4978027641773224,False,0.6887623071670532
train-011064-51a24a3d90468f93,4,4,train,5882345691573292947,pointer,X,Q,D,False,D,False,False,4.102969169616699,-2.875,-2.875,0.5625,2.401248484119974,11,Q F H,B,False,False,3.5493264198303223,0.0859375,0.5214711427688599,True,0.651101291179657
train-011064-51a24a3d90468f93,4,5,train,5882345691573292947,pointer,X,Q,,,D,False,True,,,-3.6875,1.75,2.1119826540371203,,Q F J,B,,False,,0.138671875,0.5346124768257141,,
train-011064-51a24a3d90468f93,4,6,train,5882345691573292947,pointer,X,Q,,,D,False,True,,,-2.8125,1.5,2.2925632720436737,,Q X M,B,,False,,0.1708984375,0.5426208972930908,,
train-011064-51a24a3d90468f93,4,7,train,5882345691573292947,pointer,X,Q,,,D,False,True,,,-0.6875,0.25,2.6401728836748495,,Q I M,Q,,True,,0.189453125,0.5472221374511719,,
train-011064-51a24a3d90468f93,4,8,train,5882345691573292947,pointer,X,I,,,D,False,True,,,-0.625,0.625,2.4527447870067465,,I D V,W,,False,,0.197265625,0.5491570830345154,,
train-011064-51a24a3d90468f93,4,9,train,5882345691573292947,pointer,X,I,,,D,False,True,,,-1.125,0.6875,2.3941825747872634,,I V D,W,,False,,0.1962890625,0.5489152669906616,,
train-011064-51a24a3d90468f93,4,10,train,5882345691573292947,pointer,X,I,,,D,False,True,,,-1.6875,0.625,2.291797116681272,,I V P,W,,False,,0.197265625,0.5491570830345154,,
train-011064-51a24a3d90468f93,4,11,train,5882345691573292947,pointer,X,I,,,D,False,True,,,-2.1875,0.75,2.299438499345763,,I V P,W,,False,,0.2021484375,0.550365686416626,,
train-011064-51a24a3d90468f93,4,12,train,5882345691573292947,pointer,X,I,,,D,False,True,,,-2.375,0.3125,2.350018722019476,,I P J,W,,False,,0.2138671875,0.5532639622688293,,
train-015196-13d4b272449f280f,5,1,train,1428963185630586895,pointer,N,K,K,True,O,False,False,1.935470700263977,0.1875,-0.8125,0.1875,2.909599257124413,1,K Q T,Z,False,False,3.0162549018859863,-0.3046875,0.42441198229789734,False,0.5523631572723389
train-015196-13d4b272449f280f,5,2,train,1428963185630586895,pointer,N,Q,X,False,O,False,False,4.589399814605713,-2.625,-1.5625,0.6875,3.068757345197424,26,Q M N,Z,False,False,3.516714572906494,-0.1435546875,0.4641728699207306,False,0.6239436268806458
train-015196-13d4b272449f280f,5,3,train,1428963185630586895,pointer,N,Q,B,False,O,False,False,3.2761242389678955,-2.3125,-1.9375,1.25,2.402505426221988,7,Q N H,Z,False,False,2.721142530441284,0.0030975341796875,0.5007743835449219,False,0.6946971416473389
train-015196-13d4b272449f280f,5,4,train,1428963185630586895,pointer,N,Q,A,False,O,False,False,4.871922492980957,-3.90625,-1.75,1.3125,2.27601785630388,15,Q J M,W,False,False,2.9352753162384033,0.091796875,0.5229331254959106,False,0.7400985956192017
train-015196-13d4b272449f280f,5,5,train,1428963185630586895,pointer,N,Q,O,False,O,False,False,2.884366989135742,-2.25,-2.25,1.4375,1.841213549833439,4,Q J M,W,False,False,3.4568748474121094,0.1376953125,0.5343695282936096,True,0.6266676783561707
train-015196-13d4b272449f280f,5,6,train,1428963185630586895,pointer,N,Q,,,O,False,True,,,-1.5,1.125,2.2105391526077303,,Q J E,W,,False,,0.1513671875,0.5377696752548218,,
train-015196-13d4b272449f280f,5,7,train,1428963185630586895,pointer,N,Q,,,O,False,True,,,-0.1875,0.1875,2.642344682632863,,Q O E,W,,False,,0.146484375,0.5365557670593262,,
train-015196-13d4b272449f280f,5,8,train,1428963185630586895,pointer,N,I,,,O,False,True,,,-0.4375,0.4375,2.623046209964957,,I O E,W,,False,,0.1357421875,0.5338835716247559,,
train-015196-13d4b272449f280f,5,9,train,1428963185630586895,pointer,N,I,,,O,False,True,,,-0.625,0.375,2.5554352883541758,,I R E,W,,False,,0.125,0.531209409236908,,
train-015196-13d4b272449f280f,5,10,train,1428963185630586895,pointer,N,I,,,O,False,True,,,-0.5,0.1875,2.544835851445612,,I R E,W,,False,,0.12158203125,0.5303581357002258,,
train-015196-13d4b272449f280f,5,11,train,1428963185630586895,pointer,N,I,,,O,False,True,,,-0.1875,0.1875,2.5697989447866947,,I O R,W,,False,,0.1201171875,0.5299932360649109,,
train-015196-13d4b272449f280f,5,12,train,1428963185630586895,pointer,N,O,,,O,True,True,,,0.1875,0.1875,2.5996197829889214,,O I E,W,,False,,0.1201171875,0.5299932360649109,,
train-031010-3b402ed8c72d2397,6,1,train,4269463955336668055,pointer,J,V,V,True,C,False,False,1.6609513759613037,0.75,-2.3125,0.75,2.9121294114220126,1,V M B,Z,False,False,4.258633613586426,-0.294921875,0.42679935693740845,False,0.5565193891525269
train-031010-3b402ed8c72d2397,6,2,train,4269463955336668055,pointer,J,J,B,False,C,False,False,2.859166383743286,-0.5,-1.625,0.0625,3.0689800643020164,6,J S Q,Z,False,False,2.8770604133605957,-0.1640625,0.4590761363506317,False,0.61447674036026
train-031010-3b402ed8c72d2397,6,3,train,4269463955336668055,pointer,J,J,I,False,C,False,False,4.728109359741211,-3.75,-3.0,1.375,2.4708944873910945,20,J Q Y,Z,False,False,3.967257499694824,-0.037841796875,0.49054065346717834,False,0.6744052767753601
train-031010-3b402ed8c72d2397,6,4,train,4269463955336668055,pointer,J,H,H,True,C,False,False,1.1494851112365723,0.125,-1.8125,0.125,2.1043306884482096,1,H J Q,Z,False,False,3.650902509689331,0.06689453125,0.5167173743247986,False,0.7271537184715271
train-031010-3b402ed8c72d2397,6,5,train,4269463955336668055,pointer,J,Q,Q,True,C,False,False,1.1755714416503906,0.0625,-3.1875,0.0625,2.0964544640906526,1,Q H J,W,False,False,2.822073459625244,0.123046875,0.530722975730896,False,0.7565619349479675
train-031010-3b402ed8c72d2397,6,6,train,4269463955336668055,pointer,J,Q,C,False,C,False,False,5.218695640563965,-4.6875,-4.6875,2.125,1.779447301597789,15,Q B J,Q,False,True,4.010381698608398,0.1396484375,0.5348554849624634,True,0.625758707523346
train-031010-3b402ed8c72d2397,6,7,train,4269463955336668055,pointer,J,Q,,,C,False,True,,,-2.3125,0.0,2.6897244391042334,,Q V E,P,,False,,0.1572265625,0.5392258763313293,,
train-031010-3b402ed8c72d2397,6,8,train,4269463955336668055,pointer,J,V,,,C,False,True,,,-3.40625,0.75,2.2335953192196087,,V J I,W,,False,,0.1767578125,0.5440747737884521,,
train-031010-3b402ed8c72d2397,6,9,train,4269463955336668055,pointer,J,V,,,C,False,True,,,-2.5,0.25,2.3126224062352834,,V J E,W,,False,,0.1787109375,0.5445592403411865,,
train-031010-3b402ed8c72d2397,6,10,train,4269463955336668055,pointer,J,J,,,C,False,True,,,-1.625,0.0625,2.4158427173499346,,J R H,W,,False,,0.1787109375,0.5445592403411865,,
train-031010-3b402ed8c72d2397,6,11,train,4269463955336668055,pointer,J,H,,,C,False,True,,,-1.75,0.125,2.2548809978710955,,H J R,W,,False,,0.181640625,0.545285701751709,,
train-031010-3b402ed8c72d2397,6,12,train,4269463955336668055,pointer,J,F,,,C,False,True,,,-2.28125,0.5625,2.0787119853581326,,F H J,W,,False,,0.1865234375,0.5464961528778076,,
train-015747-f1c88e83dad8868c,8,1,train,17422331855446247052,pointer,P,Q,L,False,O,False,False,2.496873378753662,-0.125,-1.1875,0.125,3.140803414793709,2,Q L C,Z,False,False,3.687697172164917,-0.302734375,0.4248892068862915,False,0.5531925559043884
train-015747-f1c88e83dad8868c,8,2,train,17422331855446247052,pointer,P,Q,O,False,O,False,False,5.029350280761719,-3.3125,-3.3125,0.5625,2.9614837882698373,25,Q P Z,Z,False,False,2.9972193241119385,-0.169921875,0.4576214849948883,False,0.6117910742759705
train-015747-f1c88e83dad8868c,8,3,train,17422331855446247052,pointer,P,Q,P,False,O,False,False,1.6615180969238281,-0.0625,-4.1875,0.0625,2.4268964155300075,3,Q J P,B,False,False,3.0003044605255127,-0.0419921875,0.48950350284576416,False,0.672371506690979
train-015747-f1c88e83dad8868c,8,4,train,17422331855446247052,pointer,P,H,L,False,O,False,False,4.016570091247559,-2.75,-3.40625,0.0625,2.191419891131639,9,H Q J,W,False,False,3.7467262744903564,0.0201416015625,0.5050352215766907,False,0.7032687067985535
train-015747-f1c88e83dad8868c,8,5,train,17422331855446247052,pointer,P,Q,O,False,O,False,False,5.842780590057373,-5.4375,-5.4375,1.875,1.4109071767773416,18,Q J T,Q,False,True,3.258479595184326,0.06591796875,0.5164735317230225,False,0.7266492247581482
train-015747-f1c88e83dad8868c,8,6,train,17422331855446247052,pointer,P,Q,P,False,O,False,False,3.8488922119140625,-2.78125,-4.84375,0.4375,2.0888010972142657,7,Q T J,Q,False,True,3.0095741748809814,0.10888671875,0.5271947979927063,False,0.7490718960762024
train-015747-f1c88e83dad8868c,8,7,train,17422331855446247052,pointer,P,V,L,False,O,False,False,4.808598518371582,-3.96875,-4.0625,1.1875,2.07889973791147,13,V T E,W,False,False,3.941394329071045,0.1337890625,0.5333974361419678,False,0.7622774839401245
train-015747-f1c88e83dad8868c,8,8,train,17422331855446247052,pointer,P,V,O,False,O,False,False,4.7547197341918945,-4.21875,-4.21875,1.9375,1.751224496497203,15,V I W,W,False,False,3.383171796798706,0.11962890625,0.5298715829849243,True,0.6351205110549927
train-015747-f1c88e83dad8868c,8,9,train,17422331855446247052,pointer,P,V,,,O,False,True,,,-3.875,1.0,2.0127893455714636,,V I J,W,,False,,0.10009765625,0.5250035524368286,,
train-015747-f1c88e83dad8868c,8,10,train,17422331855446247052,pointer,P,V,,,O,False,True,,,-3.9375,0.25,2.027286932755624,,V I J,W,,False,,0.08837890625,0.5220803618431091,,
train-015747-f1c88e83dad8868c,8,11,train,17422331855446247052,pointer,P,I,,,O,False,True,,,-4.5,0.5,1.8974707827633812,,I V J,W,,False,,0.083984375,0.5209837555885315,,
train-015747-f1c88e83dad8868c,8,12,train,17422331855446247052,pointer,P,I,,,O,False,True,,,-5.03125,1.0,1.731981168360396,,I V J,W,,False,,0.0830078125,0.5207400918006897,,
train-025342-c6089c0814d91af7,10,1,train,14269826977846860535,pointer,Y,O,J,False,V,False,False,3.8522753715515137,-3.125,-5.4375,1.5625,2.08594079824433,8,O T W,Z,False,False,3.9245264530181885,-0.294921875,0.42679935693740845,False,0.5565193891525269
train-025342-c6089c0814d91af7,10,2,train,14269826977846860535,pointer,Y,T,Q,False,V,False,False,3.2104108333587646,-1.1875,-2.75,0.0625,2.9626321877624378,8,T Z W,Z,False,False,3.269421100616455,-0.140625,0.4649015963077545,False,0.6253045797348022
train-025342-c6089c0814d91af7,10,3,train,14269826977846860535,pointer,Y,Y,A,False,V,False,False,3.7305755615234375,-3.0625,-3.875,1.5625,1.9536439553390281,8,Y Z Q,Z,False,False,3.0296285152435303,-0.00592041015625,0.4985198676586151,False,0.690191388130188
train-025342-c6089c0814d91af7,10,4,train,14269826977846860535,pointer,Y,Q,W,False,V,False,False,5.601735591888428,-5.0625,-3.0,1.625,1.7118801520545381,18,Q H J,G,False,False,2.8782362937927246,0.076171875,0.5190337300300598,False,0.7319582104682922
train-025342-c6089c0814d91af7,10,5,train,14269826977846860535,pointer,Y,Q,T,False,V,False,False,4.363681316375732,-4.1875,-5.625,3.5,0.8703593114302991,7,Q H M,Q,False,True,2.796792984008789,0.0927734375,0.5231767296791077,False,0.7406094074249268
train-025342-c6089c0814d91af7,10,6,train,14269826977846860535,pointer,Y,Q,B,False,V,False,False,4.88785982131958,-4.65625,-5.6875,3.25,1.0611368021018406,11,Q J E,Q,False,True,2.915264844894409,0.09521484375,0.5237857699394226,False,0.7418873906135559
train-025342-c6089c0814d91af7,10,7,train,14269826977846860535,pointer,Y,Q,U,False,V,False,False,4.65508508682251,-3.90625,-4.0625,0.6875,1.7696752722503344,11,Q I J,W,False,False,3.9046292304992676,0.08251953125,0.5206181406974792,False,0.7352579236030579
train-025342-c6089c0814d91af7,10,8,train,14269826977846860535,pointer,Y,I,Z,False,V,False,False,7.3366498947143555,-6.65625,-3.8125,0.75,1.6978065895022199,21,I Q J,W,False,False,3.0859293937683105,0.06298828125,0.5157418847084045,False,0.7251372337341309
train-025342-c6089c0814d91af7,10,9,train,14269826977846860535,pointer,Y,Q,L,False,V,False,False,6.315262794494629,-5.21875,-2.9375,0.1875,2.0903652461212476,22,Q I J,W,False,False,3.6755709648132324,0.050537109375,0.5126315951347351,False,0.7187349200248718
train-025342-c6089c0814d91af7,10,10,train,14269826977846860535,pointer,Y,Q,V,False,V,False,False,4.007649898529053,-2.875,-2.875,0.375,2.2364245139190766,10,Q J I,Q,False,True,3.8398020267486572,0.050048828125,0.5125095844268799,True,0.6684358716011047
train-025342-c6089c0814d91af7,10,11,train,14269826977846860535,pointer,Y,J,,,V,False,True,,,-3.71875,1.0625,2.106265017472509,,J Q C,Q,,False,,0.056884765625,0.5142173767089844,,
train-025342-c6089c0814d91af7,10,12,train,14269826977846860535,pointer,Y,J,,,V,False,True,,,-3.84375,0.6875,2.246186628093161,,J C H,Q,,False,,0.06591796875,0.5164735317230225,,
train-021284-2eb9e31042c7173f,12,1,train,3366971855415482175,pointer,V,V,T,False,Y,False,False,2.2009572982788086,-0.0625,-2.375,0.0625,3.0229227807161374,2,V T K,Z,False,False,3.5573556423187256,-0.29296875,0.42727720737457275,False,0.5573534965515137
train-021284-2eb9e31042c7173f,12,2,train,3366971855415482175,pointer,V,V,Y,False,Y,False,False,4.881961822509766,-3.3125,-3.3125,0.375,2.806438701341752,25,V T Z,Z,False,False,3.129899024963379,-0.166015625,0.45859116315841675,False,0.613580584526062
train-021284-2eb9e31042c7173f,12,3,train,3366971855415482175,pointer,V,V,S,False,Y,False,False,3.5770840644836426,-2.25,-2.4375,1.1875,2.763901856424778,12,V E Z,Z,False,False,3.4666733741760254,-0.038330078125,0.4904186427593231,False,0.6741657853126526
train-021284-2eb9e31042c7173f,12,4,train,3366971855415482175,pointer,V,H,U,False,Y,False,False,4.8900933265686035,-3.03125,-3.0625,0.1875,2.7294424026775523,20,H I C,Z,False,False,3.3597500324249268,0.0576171875,0.5144003033638,False,0.7223706841468811
train-021284-2eb9e31042c7173f,12,5,train,3366971855415482175,pointer,V,Q,V,False,Y,False,False,2.8896944522857666,-1.3125,-6.171875,0.1875,2.4648276739506936,7,Q I M,Z,False,False,3.6938133239746094,0.10302734375,0.5257341265678406,False,0.745987057685852
train-021284-2eb9e31042c7173f,12,6,train,3366971855415482175,pointer,V,Q,T,False,Y,False,False,3.553765058517456,-2.9375,-8.3125,1.1875,1.739371278076052,7,Q V M,Q,False,True,3.0954103469848633,0.1259765625,0.5314525961875916,False,0.7581179141998291
train-021284-2eb9e31042c7173f,12,7,train,3366971855415482175,pointer,V,Q,Y,False,Y,False,False,8.469289779663086,-7.59375,-7.59375,0.375,1.8018945843211378,26,Q V I,Q,False,True,3.0821399688720703,0.1455078125,0.5363128781318665,False,0.7685453295707703
train-021284-2eb9e31042c7173f,12,8,train,3366971855415482175,pointer,V,V,S,False,Y,False,False,7.296756267547607,-6.65625,-7.21875,1.6875,1.8396709394829809,25,V E Q,Q,False,False,3.31022047996521,0.1513671875,0.5377696752548218,False,0.7716920375823975
train-021284-2eb9e31042c7173f,12,9,train,3366971855415482175,pointer,V,V,U,False,Y,False,False,7.265926837921143,-6.71875,-7.6875,2.0,1.7535168893662667,25,V J R,W,False,False,3.612030267715454,0.158203125,0.53946852684021,False,0.7753739953041077
train-021284-2eb9e31042c7173f,12,10,train,3366971855415482175,pointer,V,R,V,False,Y,False,False,1.2396916151046753,-0.25,-7.75,0.25,1.8760529137919413,2,R V J,W,False,False,4.06561279296875,0.166015625,0.5414088368415833,False,0.779596209526062
train-021284-2eb9e31042c7173f,12,11,train,3366971855415482175,pointer,V,R,T,False,Y,False,False,3.9061474800109863,-2.96875,-7.6875,0.8125,2.134909736882798,8,R J V,W,False,False,3.8481907844543457,0.1748046875,0.5435901880264282,False,0.7843642830848694
train-021284-2eb9e31042c7173f,12,12,train,3366971855415482175,pointer,V,F,Y,False,Y,False,False,8.152831077575684,-7.03125,-7.03125,1.0,2.377387149214173,26,F L R,W,False,False,2.856447458267212,0.185546875,0.5462540984153748,True,0.604671061038971
