example_id,task_depth,loop,split,seed,family,initial_state,prediction,intermediate_target,intermediate_correct,final_target,final_correct,post_completion,intermediate_loss,intermediate_margin,final_margin,predicted_margin,answer_entropy
train-018918-8d17cf9df281e85e,1,1,train,10166822961097599070,pointer,X,E,E,True,E,True,False,2.9802276912960224e-06,14.003143310546875,14.003143310546875,14.003143310546875,4.802105176967648e-05
train-018918-8d17cf9df281e85e,1,2,train,10166822961097599070,pointer,X,A,,,E,False,True,,,-14.098155975341797,10.51211929321289,0.0014933125500787314
train-018918-8d17cf9df281e85e,1,3,train,10166822961097599070,pointer,X,D,,,E,False,True,,,-12.36947250366211,10.871583938598633,0.0013346867897649853
train-018918-8d17cf9df281e85e,1,4,train,10166822961097599070,pointer,X,O,,,E,False,True,,,-14.088244438171387,12.242305755615234,0.00034655235076802793
train-011449-90418c24029556d7,2,1,train,10394743501237868247,pointer,W,Z,Z,True,J,False,False,2.0265558760002023e-06,14.415853500366211,-19.077434539794922,14.415853500366211,3.227964196802502e-05
train-011449-90418c24029556d7,2,2,train,10394743501237868247,pointer,W,J,J,True,J,True,False,2.1576648578047752e-05,12.162003517150879,12.162003517150879,12.162003517150879,0.0003091970267994659
train-011449-90418c24029556d7,2,3,train,10394743501237868247,pointer,W,A,,,J,False,True,,,-14.910377502441406,12.932334899902344,0.00021232879077898712
train-011449-90418c24029556d7,2,4,train,10394743501237868247,pointer,W,M,,,J,False,True,,,-14.951580047607422,11.461146354675293,0.0002736983172932593
train-004340-eb54913a1a4ca33b,3,1,train,16957338175692120891,pointer,U,M,M,True,L,False,False,6.365573790390044e-05,10.075067520141602,-12.411605834960938,10.075067520141602,0.000769790134659776
train-004340-eb54913a1a4ca33b,3,2,train,16957338175692120891,pointer,U,R,R,True,L,False,False,4.0411134250462055e-05,12.095144271850586,-12.213418006896973,12.095144271850586,0.0005678409436628667
train-004340-eb54913a1a4ca33b,3,3,train,16957338175692120891,pointer,U,L,L,True,L,True,False,0.00015233787416946143,10.376564025878906,10.376564025878906,10.376564025878906,0.0019009420725038815
train-004340-eb54913a1a4ca33b,3,4,train,16957338175692120891,pointer,U,R,,,L,False,True,,,-13.097620964050293,12.49021053314209,0.0003043414744600474
train-019899-f91350f60647baa1,4,1,train,17947777957599099553,pointer,B,T,T,True,D,False,False,4.410734163684538e-06,13.979864120483398,-15.343268394470215,13.979864120483398,6.766752692218155e-05
train-019899-f91350f60647baa1,4,2,train,17947777957599099553,pointer,B,O,O,True,D,False,False,5.400034933700226e-05,11.657537460327148,-13.196718215942383,11.657537460327148,0.0007369866045932679
train-019899-f91350f60647baa1,4,3,train,17947777957599099553,pointer,B,X,X,True,D,False,False,2.4437606043647975e-05,12.879983901977539,-13.019773483276367,12.879983901977539,0.000357748938083389
train-019899-f91350f60647baa1,4,4,train,17947777957599099553,pointer,B,D,D,True,D,True,False,7.56950321374461e-05,11.566303253173828,11.566303253173828,11.566303253173828,0.0010166132920486222
train-002386-e88ec56ac7c0bf5c,5,1,train,16757548325900697436,pointer,S,Q,Q,True,T,False,False,1.07287787614041e-05,13.329659461975098,-15.531591415405273,13.329659461975098,0.00016141255391581414
train-002386-e88ec56ac7c0bf5c,5,2,train,16757548325900697436,pointer,S,J,J,True,T,False,False,7.176141662057489e-05,10.863798141479492,-12.378661155700684,10.863798141479492,0.0009443556640554096
train-002386-e88ec56ac7c0bf5c,5,3,train,16757548325900697436,pointer,S,O,O,True,T,False,False,3.4927710657939315e-05,11.654842376708984,-13.44761848449707,11.654842376708984,0.0004850860540380872
train-002386-e88ec56ac7c0bf5c,5,4,train,16757548325900697436,pointer,S,Y,Y,True,T,False,False,4.5298504119273275e-05,11.722031593322754,-13.801971435546875,11.722031593322754,0.0006252433068255163
train-002386-e88ec56ac7c0bf5c,5,5,train,16757548325900697436,pointer,S,T,T,True,T,True,False,3.8980677345534787e-05,11.924327850341797,11.924327850341797,11.924327850341797,0.0005445146960422957
train-002386-e88ec56ac7c0bf5c,5,6,train,16757548325900697436,pointer,S,U,,,T,False,True,,,-15.415100574493408,11.63213062286377,0.0004897082396661905
train-028313-f2c96a0932a86a65,6,1,train,17494630815234550373,pointer,S,W,W,True,J,False,False,3.3378546504536644e-06,14.123556137084961,-18.42743682861328,14.123556137084961,5.385006150920593e-05
train-028313-f2c96a0932a86a65,6,2,train,17494630815234550373,pointer,S,Y,Y,True,J,False,False,8.40390202938579e-05,11.005170822143555,-13.563817977905273,11.005170822143555,0.0011071928084206376
train-028313-f2c96a0932a86a65,6,3,train,17494630815234550373,pointer,S,H,H,True,J,False,False,0.0001102625101339072,11.02387523651123,-12.81868839263916,11.02387523651123,0.001433047997091648
train-028313-f2c96a0932a86a65,6,4,train,17494630815234550373,pointer,S,V,V,True,J,False,False,1.4424220353248529e-05,13.139470100402832,-14.93333625793457,13.139470100402832,0.00021632531364001827
train-028313-f2c96a0932a86a65,6,5,train,17494630815234550373,pointer,S,Z,Z,True,J,False,False,0.0010112178279086947,7.14093017578125,-11.519448280334473,7.14093017578125,0.00905785751618285
train-028313-f2c96a0932a86a65,6,6,train,17494630815234550373,pointer,S,J,J,True,J,True,False,9.536697689327411e-06,13.507196426391602,13.507196426391602,13.507196426391602,0.0001456626938028484
train-004470-44a976e52705ae16,1,1,train,4947616392217472534,pointer,X,Y,Y,True,Y,True,False,3.015949550899677e-05,12.446659088134766,12.446659088134766,12.446659088134766,0.0004313103600264721
train-004470-44a976e52705ae16,1,2,train,4947616392217472534,pointer,X,R,,,Y,False,True,,,-15.949763298034668,11.70152473449707,0.0007825993332612967
train-004470-44a976e52705ae16,1,3,train,4947616392217472534,pointer,X,B,,,Y,False,True,,,-14.039949417114258,9.137503623962402,0.0041900287634212925
train-004470-44a976e52705ae16,1,4,train,4947616392217472534,pointer,X,E,,,Y,False,True,,,-16.596357345581055,12.727805137634277,0.0003513566366085958
train-004470-44a976e52705ae16,1,5,train,4947616392217472534,pointer,X,K,,,Y,False,True,,,-17.81284236907959,10.581968307495117,0.00048472250387781196
train-004470-44a976e52705ae16,1,6,train,4947616392217472534,pointer,X,Q,,,Y,False,True,,,-17.827670097351074,13.461370468139648,0.00011538310589553217
train-015625-98a52c7d035fd65e,2,1,train,10999246580361451102,pointer,O,L,L,True,N,False,False,2.0265558760002023e-06,14.239128112792969,-16.53190517425537,14.239128112792969,3.282539846877578e-05
train-015625-98a52c7d035fd65e,2,2,train,10999246580361451102,pointer,O,N,N,True,N,True,False,1.4305012882687151e-05,12.892623901367188,12.892623901367188,12.892623901367188,0.0002148761808005598
train-015625-98a52c7d035fd65e,2,3,train,10999246580361451102,pointer,O,I,,,N,False,True,,,-15.783377647399902,13.513644218444824,0.0001113997013067888
train-015625-98a52c7d035fd65e,2,4,train,10999246580361451102,pointer,O,T,,,N,False,True,,,-15.114004135131836,13.203145980834961,0.0001453388917998316
train-015625-98a52c7d035fd65e,2,5,train,10999246580361451102,pointer,O,S,,,N,False,True,,,-13.89755630493164,13.808696746826172,0.00012094178683061333
train-015625-98a52c7d035fd65e,2,6,train,10999246580361451102,pointer,O,A,,,N,False,True,,,-12.977107048034668,11.54320240020752,0.00032371256769471614
train-017756-9fd27179430b08f9,3,1,train,11516391962769557753,pointer,V,T,T,True,E,False,False,3.349725011503324e-05,11.722587585449219,-15.174739837646484,11.722587585449219,0.00046337940281568785
train-017756-9fd27179430b08f9,3,2,train,11516391962769557753,pointer,V,O,O,True,E,False,False,3.2543604902457446e-05,12.56737232208252,-14.224486351013184,12.56737232208252,0.0004653915938227194
train-017756-9fd27179430b08f9,3,3,train,11516391962769557753,pointer,V,E,E,True,E,True,False,2.753696753643453e-05,12.580689430236816,12.580689430236816,12.580689430236816,0.0003946583179599127
train-017756-9fd27179430b08f9,3,4,train,11516391962769557753,pointer,V,J,,,E,False,True,,,-16.85933494567871,12.242097854614258,0.00016492729423682833
train-017756-9fd27179430b08f9,3,5,train,11516391962769557753,pointer,V,Q,,,E,False,True,,,-14.59499740600586,14.011458396911621,0.00010303193593096653
train-017756-9fd27179430b08f9,3,6,train,11516391962769557753,pointer,V,P,,,E,False,True,,,-14.693696022033691,11.771221160888672,0.0007662979301732951
train-029223-3e677bc62d285171,4,1,train,4496698844044087665,pointer,I,H,H,True,E,False,False,7.271740287251305e-06,13.65250015258789,-17.57725429534912,13.65250015258789,0.00011373829021541683
train-029223-3e677bc62d285171,4,2,train,4496698844044087665,pointer,I,N,N,True,E,False,False,3.814689989667386e-06,14.539131164550781,-16.858830451965332,14.539131164550781,6.266266631433353e-05
train-029223-3e677bc62d285171,4,3,train,4496698844044087665,pointer,I,X,X,True,E,False,False,7.271740287251305e-06,14.15323543548584,-14.996564865112305,14.15323543548584,0.00011699906272477878
train-029223-3e677bc62d285171,4,4,train,4496698844044087665,pointer,I,E,E,True,E,True,False,3.40932747349143e-05,12.682136535644531,12.682136535644531,12.682136535644531,0.0004887693145068403
train-029223-3e677bc62d285171,4,5,train,4496698844044087665,pointer,I,G,,,E,False,True,,,-14.749091625213623,12.009100914001465,0.000499124328707289
train-029223-3e677bc62d285171,4,6,train,4496698844044087665,pointer,I,O,,,E,False,True,,,-14.366562366485596,9.639420509338379,0.0009785674456934043
train-010000-e6cddc3523a70b36,5,1,train,16631191119738637110,pointer,X,S,S,True,O,False,False,2.3841855067985307e-07,16.38520622253418,-21.574321746826172,16.38520622253418,6.613241186627385e-06
train-010000-e6cddc3523a70b36,5,2,train,16631191119738637110,pointer,X,L,L,True,O,False,False,7.152301259338856e-05,10.888711929321289,-15.30295181274414,10.888711929321289,0.0009232892199316662
train-010000-e6cddc3523a70b36,5,3,train,16631191119738637110,pointer,X,G,G,True,O,False,False,5.638440416078083e-05,12.02684211730957,-14.586714744567871,12.02684211730957,0.0007722554729623439
train-010000-e6cddc3523a70b36,5,4,train,16631191119738637110,pointer,X,I,I,True,O,False,False,1.4662635294371285e-05,12.743905067443848,-13.378344535827637,12.743905067443848,0.00021800543278149067
train-010000-e6cddc3523a70b36,5,5,train,16631191119738637110,pointer,X,O,O,True,O,True,False,0.00011657988943625242,9.329869270324707,9.329869270324707,9.329869270324707,0.0013151700001414782
train-010000-e6cddc3523a70b36,5,6,train,16631191119738637110,pointer,X,Z,,,O,False,True,,,-14.598974227905273,10.831586837768555,0.0017095205978287227
train-022811-fe71323fa6938064,6,1,train,18334490806961012836,pointer,N,K,K,True,R,False,False,2.0265558760002023e-06,14.700117111206055,-17.63833522796631,14.700117111206055,3.2671035893434485e-05
train-022811-fe71323fa6938064,6,2,train,18334490806961012836,pointer,N,C,C,True,R,False,False,5.9602869441732764e-05,11.44843578338623,-12.388313293457031,11.44843578338623,0.0008036441868130504
train-022811-fe71323fa6938064,6,3,train,18334490806961012836,pointer,N,O,O,True,R,False,False,1.490105023549404e-05,13.094136238098145,-15.122851371765137,13.094136238098145,0.00022397412025038394
train-022811-fe71323fa6938064,6,4,train,18334490806961012836,pointer,N,H,H,True,R,False,False,2.169585604860913e-05,12.96194076538086,-14.14824104309082,12.96194076538086,0.00031952169772378957
train-022811-fe71323fa6938064,6,5,train,18334490806961012836,pointer,N,J,J,True,R,False,False,3.135155202471651e-05,11.485624313354492,-12.576828956604004,11.485624313354492,0.00043259567712378724
train-022811-fe71323fa6938064,6,6,train,18334490806961012836,pointer,N,R,R,True,R,True,False,2.2053474822314456e-05,12.396668434143066,12.396668434143066,12.396668434143066,0.0003217984498484961
train-010098-a1ea24277b65b0f9,1,1,train,11667177536649277689,pointer,D,N,N,True,N,True,False,1.4305104514278355e-06,15.090085983276367,15.090085983276367,15.090085983276367,2.5215954746291448e-05
train-010098-a1ea24277b65b0f9,1,2,train,11667177536649277689,pointer,D,C,,,N,False,True,,,-12.433016777038574,9.449528694152832,0.0019326190187412173
train-010098-a1ea24277b65b0f9,1,3,train,11667177536649277689,pointer,D,P,,,N,False,True,,,-13.152257919311523,11.827065467834473,0.0009150725541140891
train-010098-a1ea24277b65b0f9,1,4,train,11667177536649277689,pointer,D,Y,,,N,False,True,,,-12.662063598632812,12.521512985229492,0.0002748874029674838
train-009787-790a789a2465c6fd,2,1,train,8721916231787333373,pointer,F,M,M,True,Z,False,False,8.106198947643861e-06,11.751598358154297,-22.221576690673828,11.751598358154297,0.00010451729198823675
train-009787-790a789a2465c6fd,2,2,train,8721916231787333373,pointer,F,Z,Z,True,Z,True,False,8.082063141046092e-05,10.617096900939941,10.617096900939941,10.617096900939941,0.0010428017302897732
train-009787-790a789a2465c6fd,2,3,train,8721916231787333373,pointer,F,R,,,Z,False,True,,,-12.5914888381958,12.131082534790039,0.0005961503757914851
train-009787-790a789a2465c6fd,2,4,train,8721916231787333373,pointer,F,Y,,,Z,False,True,,,-14.519476890563965,11.926250457763672,0.0004894629976018111
train-027986-c9239c66e282c8ae,3,1,train,14493599991509207214,pointer,Y,P,P,True,Z,False,False,1.9073468138230965e-06,15.134623527526855,-18.180217742919922,15.134623527526855,3.2956054648729844e-05
train-027986-c9239c66e282c8ae,3,2,train,14493599991509207214,pointer,Y,T,T,True,Z,False,False,8.892617915989831e-05,11.501951217651367,-12.241500854492188,11.501951217651367,0.0011684440931647006
train-027986-c9239c66e282c8ae,3,3,train,14493599991509207214,pointer,Y,Z,Z,True,Z,True,False,8.583032467868179e-06,13.861662864685059,13.861662864685059,13.861662864685059,0.00013317554656934049
train-027986-c9239c66e282c8ae,3,4,train,14493599991509207214,pointer,Y,J,,,Z,False,True,,,-15.77962350845337,12.003520965576172,0.00028682894369238816
train-020487-7e09dd429003e6ad,4,1,train,9082033401523070637,pointer,I,V,V,True,C,False,False,2.9802276912960224e-06,14.647619247436523,-15.752306938171387,14.647619247436523,4.818515887130551e-05
train-020487-7e09dd429003e6ad,4,2,train,9082033401523070637,pointer,I,O,O,True,C,False,False,1.6927575416048057e-05,12.781805992126465,-14.275627136230469,12.781805992126465,0.0002482946713513321
train-020487-7e09dd429003e6ad,4,3,train,9082033401523070637,pointer,I,B,B,True,C,False,False,0.00010489867418073118,10.941271781921387,-10.997905731201172,10.941271781921387,0.0013383644497581828
train-020487-7e09dd429003e6ad,4,4,train,9082033401523070637,pointer,I,C,C,True,C,True,False,8.272782724816352e-05,10.785324096679688,10.785324096679688,10.785324096679688,0.001084807129745844
train-029212-b241c56ba036a9fd,5,1,train,12844764678277474813,pointer,P,Y,Y,True,H,False,False,1.1920922133867862e-06,14.323246002197266,-17.93842124938965,14.323246002197266,2.2018464948087038e-05
train-029212-b241c56ba036a9fd,5,2,train,12844764678277474813,pointer,P,B,B,True,H,False,False,0.00017486473370809108,10.394265174865723,-12.401825904846191,10.394265174865723,0.0021469692975444586
train-029212-b241c56ba036a9fd,5,3,train,12844764678277474813,pointer,P,C,C,True,H,False,False,0.0003591130953282118,9.274738311767578,-11.058436393737793,9.274738311767578,0.00415602247191406
train-029212-b241c56ba036a9fd,5,4,train,12844764678277474813,pointer,P,K,K,True,H,False,False,1.966933996300213e-05,13.132058143615723,-13.951835632324219,13.132058143615723,0.00029088291402573375
train-029212-b241c56ba036a9fd,5,5,train,12844764678277474813,pointer,P,H,H,True,H,True,False,1.4424220353248529e-05,13.319551467895508,13.319551467895508,13.319551467895508,0.00021832963340963216
train-029212-b241c56ba036a9fd,5,6,train,12844764678277474813,pointer,P,I,,,H,False,True,,,-12.999078750610352,12.341167449951172,0.0005411073575540945
train-017837-19727b586fce5f26,6,1,train,1833663618056347430,pointer,S,Q,Q,True,Z,False,False,1.1801649634435307e-05,13.14470100402832,-17.864635467529297,13.14470100402832,0.00017606435416047856
train-017837-19727b586fce5f26,6,2,train,1833663618056347430,pointer,S,Y,Y,True,Z,False,False,0.0001560327800689265,10.395998001098633,-11.326212882995605,10.395998001098633,0.0019294578546471457
train-017837-19727b586fce5f26,6,3,train,1833663618056347430,pointer,S,G,G,True,Z,False,False,0.00027926836628466845,9.061477661132812,-14.200067520141602,9.061477661132812,0.0031993931149623075
train-017837-19727b586fce5f26,6,4,train,1833663618056347430,pointer,S,D,D,True,Z,False,False,8.165503095369786e-05,11.207842826843262,-12.435545921325684,11.207842826843262,0.0010856195455152822
train-017837-19727b586fce5f26,6,5,train,1833663618056347430,pointer,S,U,U,True,Z,False,False,1.2278481335670222e-05,13.011816024780273,-15.57138729095459,13.011816024780273,0.00018683491724955195
train-017837-19727b586fce5f26,6,6,train,1833663618056347430,pointer,S,Z,Z,True,Z,True,False,0.0003693613689392805,9.214770317077637,9.214770317077637,9.214770317077637,0.004257842943322519
train-010380-6abc5372ba39baf7,1,1,train,7691114015857687287,pointer,I,A,A,True,A,True,False,2.622600959512056e-06,13.795233726501465,13.795233726501465,13.795233726501465,4.2973337643587734e-05
train-010380-6abc5372ba39baf7,1,2,train,7691114015857687287,pointer,I,N,,,A,False,True,,,-13.531366348266602,13.25823974609375,0.00016158571952515623
train-010380-6abc5372ba39baf7,1,3,train,7691114015857687287,pointer,I,O,,,A,False,True,,,-12.835314750671387,11.921992301940918,0.0005385694487755212
train-010380-6abc5372ba39baf7,1,4,train,7691114015857687287,pointer,I,D,,,A,False,True,,,-13.010833740234375,11.809778213500977,0.0006186830397301716
train-010380-6abc5372ba39baf7,1,5,train,7691114015857687287,pointer,I,E,,,A,False,True,,,-13.167936325073242,13.167936325073242,0.00020206261841764774
train-010380-6abc5372ba39baf7,1,6,train,7691114015857687287,pointer,I,S,,,A,False,True,,,-14.663934230804443,11.630547523498535,0.0003526620955900643
train-005347-c69382a43f4ad6fb,2,1,train,14308924083034314491,pointer,T,V,V,True,B,False,False,1.0967194612021558e-05,13.426382064819336,-14.109667778015137,13.426382064819336,0.00016668064440718974
train-005347-c69382a43f4ad6fb,2,2,train,14308924083034314491,pointer,T,B,B,True,B,True,False,0.0011304186191409826,6.880814552307129,6.880814552307129,6.880814552307129,0.009406219395469788
train-005347-c69382a43f4ad6fb,2,3,train,14308924083034314491,pointer,T,F,,,B,False,True,,,-13.761133193969727,10.072123527526855,0.000714431391428543
train-005347-c69382a43f4ad6fb,2,4,train,14308924083034314491,pointer,T,H,,,B,False,True,,,-12.99120044708252,11.86129379272461,0.0007893290488190923
train-005347-c69382a43f4ad6fb,2,5,train,14308924083034314491,pointer,T,Z,,,B,False,True,,,-13.660195350646973,9.836706161499023,0.0009226196954948706
train-005347-c69382a43f4ad6fb,2,6,train,14308924083034314491,pointer,T,K,,,B,False,True,,,-13.70404052734375,12.554207801818848,0.00023810520222973948
train-001562-ad94044030785602,3,1,train,12507626738852320770,pointer,S,I,I,True,K,False,False,1.4305012882687151e-05,12.640470504760742,-15.516243934631348,12.640470504760742,0.00020984587295972687
train-001562-ad94044030785602,3,2,train,12507626738852320770,pointer,S,R,R,True,K,False,False,0.00035232058144174516,8.626359939575195,-12.856061935424805,8.626359939575195,0.0038644752185203572
train-001562-ad94044030785602,3,3,train,12507626738852320770,pointer,S,K,K,True,K,True,False,4.768258077092469e-05,10.80871295928955,10.80871295928955,10.80871295928955,0.000626379821348581
train-001562-ad94044030785602,3,4,train,12507626738852320770,pointer,S,T,,,K,False,True,,,-16.224706649780273,13.250870704650879,0.00019184259955381237
train-001562-ad94044030785602,3,5,train,12507626738852320770,pointer,S,U,,,K,False,True,,,-16.48317813873291,12.788103103637695,0.00019102875147866558
train-001562-ad94044030785602,3,6,train,12507626738852320770,pointer,S,J,,,K,False,True,,,-13.67713451385498,13.67713451385498,7.210359458436861e-05
train-013215-e45785be941b2fad,4,1,train,16453766817196486573,pointer,R,X,X,True,I,False,False,5.245195097813848e-06,13.764593124389648,-16.641615867614746,13.764593124389648,8.581173857978535e-05
train-013215-e45785be941b2fad,4,2,train,16453766817196486573,pointer,R,W,W,True,I,False,False,1.8358061424805783e-05,12.188496589660645,-13.6416654586792,12.188496589660645,0.0002684984597244202
train-013215-e45785be941b2fad,4,3,train,16453766817196486573,pointer,R,J,J,True,I,False,False,3.8980677345534787e-05,11.76765251159668,-12.006524085998535,11.76765251159668,0.0005341586493356493
train-013215-e45785be941b2fad,4,4,train,16453766817196486573,pointer,R,I,I,True,I,True,False,1.0967194612021558e-05,12.468659400939941,12.468659400939941,12.468659400939941,0.00016119569108466892
train-013215-e45785be941b2fad,4,5,train,16453766817196486573,pointer,R,N,,,I,False,True,,,-16.162405967712402,12.898341178894043,0.0003206241945927469
train-013215-e45785be941b2fad,4,6,train,16453766817196486573,pointer,R,R,,,I,False,True,,,-13.95819616317749,11.331002235412598,0.0012053575360083564
train-013450-06a0b4c0d0281291,5,1,train,477580300720280209,pointer,K,I,I,True,E,False,False,6.758938252460212e-05,10.782872200012207,-13.734186172485352,10.782872200012207,0.0008778498766921064
train-013450-06a0b4c0d0281291,5,2,train,477580300720280209,pointer,K,A,A,True,E,False,False,4.0649541915627196e-05,11.60714054107666,-14.103809356689453,11.60714054107666,0.000563333593922662
train-013450-06a0b4c0d0281291,5,3,train,477580300720280209,pointer,K,J,J,True,E,False,False,1.3232143828645349e-05,12.94377326965332,-15.42105770111084,12.94377326965332,0.00020074482956289802
train-013450-06a0b4c0d0281291,5,4,train,477580300720280209,pointer,K,W,W,True,E,False,False,0.00010585224663373083,9.882214546203613,-13.759430885314941,9.882214546203613,0.0013017066060902309
train-013450-06a0b4c0d0281291,5,5,train,477580300720280209,pointer,K,E,E,True,E,True,False,7.557583012385294e-05,10.644624710083008,10.644624710083008,10.644624710083008,0.0009849218702608366
train-013450-06a0b4c0d0281291,5,6,train,477580300720280209,pointer,K,K,,,E,False,True,,,-14.297059535980225,9.455083847045898,0.002194093080715239
train-010493-17911b2fd72d3f65,6,1,train,1698168426782867301,pointer,D,E,E,True,Q,False,False,7.152555099310121e-07,15.928747177124023,-20.521292686462402,15.928747177124023,1.4365221275399812e-05
train-010493-17911b2fd72d3f65,6,2,train,1698168426782867301,pointer,D,W,W,True,Q,False,False,1.2874520507466514e-05,12.763530731201172,-16.86524772644043,12.763530731201172,0.00019469993220494467
train-010493-17911b2fd72d3f65,6,3,train,1698168426782867301,pointer,D,Y,Y,True,Q,False,False,3.707340147229843e-05,11.362462997436523,-15.735692024230957,11.362462997436523,0.0005044322670129088
train-010493-17911b2fd72d3f65,6,4,train,1698168426782867301,pointer,D,O,O,True,Q,False,False,0.00010382589971413836,9.970166206359863,-12.215468406677246,9.970166206359863,0.001274955205330108
train-010493-17911b2fd72d3f65,6,5,train,1698168426782867301,pointer,D,F,F,True,Q,False,False,0.0001387499796692282,9.989441871643066,-15.774186134338379,9.989441871643066,0.0016975338852325786
train-010493-17911b2fd72d3f65,6,6,train,1698168426782867301,pointer,D,Q,Q,True,Q,True,False,1.823885577323381e-05,12.308052062988281,12.308052062988281,12.308052062988281,0.00026389653251779674
