example_id,task_depth,loop,split,seed,family,initial_state,prediction,intermediate_target,intermediate_correct,final_target,final_correct,post_completion,intermediate_loss,intermediate_margin,final_margin,predicted_margin,answer_entropy,target_rank,top_symbols,stop_logit,stop_probability,stop_target,stop_loss
train-018882-3dfa653fd6ffd497,1,1,train,4465993305355703447,pointer,O,E,E,True,E,True,False,3.755022044060752e-05,11.625,11.625,11.625,0.0005216224745715242,1,E X D,10.25,0.9999645948410034,True,3.535687574185431e-05
train-018882-3dfa653fd6ffd497,1,2,train,4465993305355703447,pointer,O,R,,,E,False,True,,,-11.9375,10.375,0.0013007130603972853,,R W T,10.3125,0.9999667406082153,,
train-018882-3dfa653fd6ffd497,1,3,train,4465993305355703447,pointer,O,N,,,E,False,True,,,-14.375,11.3125,0.0007571851873550399,,N D M,15.3125,0.9999997615814209,,
train-018882-3dfa653fd6ffd497,1,4,train,4465993305355703447,pointer,O,N,,,E,False,True,,,-11.8125,2.25,0.32190113490547023,,N Y X,16.25,0.9999998807907104,,
train-018882-3dfa653fd6ffd497,1,5,train,4465993305355703447,pointer,O,N,,,E,False,True,,,-16.1875,11.625,0.0003098505547410456,,N Y D,17.125,1.0,,
train-018882-3dfa653fd6ffd497,1,6,train,4465993305355703447,pointer,O,N,,,E,False,True,,,-14.125,8.625,0.003066085526989316,,N Y X,17.375,1.0,,
train-018882-3dfa653fd6ffd497,1,7,train,4465993305355703447,pointer,O,N,,,E,False,True,,,-10.875,7.5,0.02173277065481685,,N Y D,17.5,1.0,,
train-018882-3dfa653fd6ffd497,1,8,train,4465993305355703447,pointer,O,N,,,E,False,True,,,-5.9375,3.8125,0.6463984148655866,,N D T,17.25,1.0,,
train-018882-3dfa653fd6ffd497,1,9,train,4465993305355703447,pointer,O,N,,,E,False,True,,,-2.0625,0.5,2.4827366657714034,,N D T,16.875,1.0,,
train-018882-3dfa653fd6ffd497,1,10,train,4465993305355703447,pointer,O,D,,,E,False,True,,,-1.15625,0.25,2.5793749118818394,,D M T,16.5,0.9999998807907104,,
train-018882-3dfa653fd6ffd497,1,11,train,4465993305355703447,pointer,O,D,,,E,False,True,,,-0.84375,0.1875,2.5632056728063706,,D Q M,16.125,0.9999998807907104,,
train-018882-3dfa653fd6ffd497,1,12,train,4465993305355703447,pointer,O,Q,,,E,False,True,,,-0.65625,0.0625,2.560311907154699,,Q D M,15.75,0.9999998807907104,,
train-016489-50dd2e7fdc404976,2,1,train,5826864619578214774,pointer,T,Q,Q,True,P,False,False,1.311301275563892e-06,14.75,-14.75,14.75,2.4513256075529393e-05,1,Q P S,-17.5,2.51099923076481e-08,False,0.0
train-016489-50dd2e7fdc404976,2,2,train,5826864619578214774,pointer,T,P,P,True,P,True,False,7.152531907195225e-06,13.5625,13.5625,13.5625,0.00011107005382613499,1,P B C,15.75,0.9999998807907104,True,1.4449801710725296e-07
train-016489-50dd2e7fdc404976,2,3,train,5826864619578214774,pointer,T,Z,,,P,False,True,,,-18.25,13.5,9.678053026502757e-05,,Z Y B,18.875,1.0,,
train-016489-50dd2e7fdc404976,2,4,train,5826864619578214774,pointer,T,M,,,P,False,True,,,-5.375,2.0625,0.9151235137734941,,M S Z,21.0,1.0,,
train-016489-50dd2e7fdc404976,2,5,train,5826864619578214774,pointer,T,Z,,,P,False,True,,,-0.75,0.4375,2.778145354792742,,Z L B,20.25,1.0,,
train-016489-50dd2e7fdc404976,2,6,train,5826864619578214774,pointer,T,L,,,P,False,True,,,-0.8125,0.3125,2.6393987836650172,,L A B,19.125,1.0,,
train-016489-50dd2e7fdc404976,2,7,train,5826864619578214774,pointer,T,L,,,P,False,True,,,-1.125,0.125,2.535021553100401,,L A B,18.25,1.0,,
train-016489-50dd2e7fdc404976,2,8,train,5826864619578214774,pointer,T,A,,,P,False,True,,,-1.5625,0.3125,2.4266171463026214,,A L B,17.5,1.0,,
train-016489-50dd2e7fdc404976,2,9,train,5826864619578214774,pointer,T,A,,,P,False,True,,,-1.9375,0.75,2.3287625308904025,,A L B,16.875,1.0,,
train-016489-50dd2e7fdc404976,2,10,train,5826864619578214774,pointer,T,A,,,P,False,True,,,-2.1875,1.0625,2.2223561427367,,A L E,16.375,0.9999998807907104,,
train-016489-50dd2e7fdc404976,2,11,train,5826864619578214774,pointer,T,A,,,P,False,True,,,-2.46875,1.4375,2.1056912111687556,,A L E,15.875,0.9999998807907104,,
train-016489-50dd2e7fdc404976,2,12,train,5826864619578214774,pointer,T,A,,,P,False,True,,,-2.65625,1.65625,2.0526897547726186,,A L E,15.5,0.9999997615814209,,
train-018074-6d26f48f0cdd1c4e,3,1,train,7865242694482467918,pointer,V,S,S,True,T,False,False,-0.0,22.125,-22.5,22.125,2.6255477332665542e-08,1,S B T,-26.5,3.0988193781833484e-12,False,0.0
train-018074-6d26f48f0cdd1c4e,3,2,train,7865242694482467918,pointer,V,H,H,True,T,False,False,2.3841830625315197e-06,13.875,-16.3125,13.875,3.891659460964836e-05,1,H J G,-11.875,6.962256520637311e-06,False,6.67572021484375e-06
train-018074-6d26f48f0cdd1c4e,3,3,train,7865242694482467918,pointer,V,T,T,True,T,True,False,2.288792165927589e-05,12.75,12.75,12.75,0.0003318535849162472,1,T M D,11.5625,0.9999904632568359,True,9.516296813671943e-06
train-018074-6d26f48f0cdd1c4e,3,4,train,7865242694482467918,pointer,V,Y,,,T,False,True,,,-11.25,9.75,0.002619014236885825,,Y I X,17.5,1.0,,
train-018074-6d26f48f0cdd1c4e,3,5,train,7865242694482467918,pointer,V,L,,,T,False,True,,,-10.6875,8.8125,0.009111320087661424,,L Y A,19.0,1.0,,
train-018074-6d26f48f0cdd1c4e,3,6,train,7865242694482467918,pointer,V,L,,,T,False,True,,,-6.3125,3.0,0.5377031482487079,,L F Q,19.0,1.0,,
train-018074-6d26f48f0cdd1c4e,3,7,train,7865242694482467918,pointer,V,L,,,T,False,True,,,-4.0,0.8125,1.8403744893033458,,L A Q,18.25,1.0,,
train-018074-6d26f48f0cdd1c4e,3,8,train,7865242694482467918,pointer,V,A,,,T,False,True,,,-4.84375,1.25,1.59888195900432,,A L Q,17.375,1.0,,
train-018074-6d26f48f0cdd1c4e,3,9,train,7865242694482467918,pointer,V,A,,,T,False,True,,,-5.9375,2.4375,1.178577289324774,,A L Q,16.625,0.9999998807907104,,
train-018074-6d26f48f0cdd1c4e,3,10,train,7865242694482467918,pointer,V,A,,,T,False,True,,,-6.546875,2.90625,0.9771758710355625,,A Q X,15.9375,0.9999998807907104,,
train-018074-6d26f48f0cdd1c4e,3,11,train,7865242694482467918,pointer,V,A,,,T,False,True,,,-6.8828125,3.09375,0.8518448534249361,,A Q X,15.375,0.9999997615814209,,
train-018074-6d26f48f0cdd1c4e,3,12,train,7865242694482467918,pointer,V,A,,,T,False,True,,,-6.8515625,3.0625,0.8523252430653249,,A Q X,14.8125,0.9999996423721313,,
train-003819-5bfc537bb23b23d0,4,1,train,6628264542318830544,pointer,A,I,I,True,L,False,False,-0.0,19.875,-21.625,19.875,1.0951043412174717e-07,1,I J F,-30.75,4.420228221532589e-14,False,0.0
train-003819-5bfc537bb23b23d0,4,2,train,6628264542318830544,pointer,A,F,F,True,L,False,False,1.6689286894688848e-06,13.875,-16.25,13.875,2.6696936082568552e-05,1,F C D,-24.5,2.2897348947448215e-11,False,0.0
train-003819-5bfc537bb23b23d0,4,3,train,6628264542318830544,pointer,A,J,J,True,L,False,False,1.311301275563892e-06,14.875,-16.0,14.875,2.356482863689621e-05,1,J B F,-8.625,0.00017952796770259738,False,0.000179290771484375
train-003819-5bfc537bb23b23d0,4,4,train,6628264542318830544,pointer,A,L,L,True,L,True,False,1.0371154530730564e-05,13.125,13.125,13.125,0.00015678937650266152,1,L D F,11.0,0.9999833106994629,True,1.6701560525689274e-05
train-003819-5bfc537bb23b23d0,4,5,train,6628264542318830544,pointer,A,D,,,L,False,True,,,-13.3125,8.375,0.0023299438397350876,,D F B,15.25,0.9999997615814209,,
train-003819-5bfc537bb23b23d0,4,6,train,6628264542318830544,pointer,A,Q,,,L,False,True,,,-11.0,5.75,0.024298942612641754,,Q D B,17.0,1.0,,
train-003819-5bfc537bb23b23d0,4,7,train,6628264542318830544,pointer,A,F,,,L,False,True,,,-1.0625,0.5625,2.5951104696083798,,F Q A,17.5,1.0,,
train-003819-5bfc537bb23b23d0,4,8,train,6628264542318830544,pointer,A,F,,,L,False,True,,,-1.3125,0.5,2.563404946188589,,F A D,17.125,1.0,,
train-003819-5bfc537bb23b23d0,4,9,train,6628264542318830544,pointer,A,A,,,L,False,True,,,-1.75,0.375,2.439940928257972,,A D F,16.625,0.9999998807907104,,
train-003819-5bfc537bb23b23d0,4,10,train,6628264542318830544,pointer,A,A,,,L,False,True,,,-2.375,0.75,2.26489007684433,,A D F,16.125,0.9999998807907104,,
train-003819-5bfc537bb23b23d0,4,11,train,6628264542318830544,pointer,A,A,,,L,False,True,,,-2.9375,1.3125,2.022003001259086,,A D C,15.5625,0.9999998807907104,,
train-003819-5bfc537bb23b23d0,4,12,train,6628264542318830544,pointer,A,A,,,L,False,True,,,-3.375,2.0,1.7901619152360635,,A D C,15.0625,0.9999997615814209,,
train-023017-c7c86cc6c25a8879,5,1,train,14395875809809827961,pointer,R,V,V,True,E,False,False,1.1920928244535389e-07,16.625,-21.625,16.625,2.0871391856133845e-06,1,V W S,-32.25,9.862862649257387e-15,False,0.0
train-023017-c7c86cc6c25a8879,5,2,train,14395875809809827961,pointer,R,B,B,True,E,False,False,3.933898824470816e-06,12.75,-18.75,12.75,5.733900210626095e-05,1,B J C,-27.875,7.835041751676208e-13,False,0.0
train-023017-c7c86cc6c25a8879,5,3,train,14395875809809827961,pointer,R,S,S,True,E,False,False,1.0967194612021558e-05,12.5,-15.875,12.5,0.0001622507223253239,1,S T W,-20.125,1.8189617589925433e-09,False,0.0
train-023017-c7c86cc6c25a8879,5,4,train,14395875809809827961,pointer,R,H,H,True,E,False,False,2.4318398573086597e-05,12.0,-14.375,12.0,0.00034350914445490917,1,H C S,-5.09375,0.0060975621454417706,False,0.006116390228271484
train-023017-c7c86cc6c25a8879,5,5,train,14395875809809827961,pointer,R,E,E,True,E,True,False,0.001779640675522387,7.25,7.25,7.25,0.01698936841923692,1,E I A,10.625,0.9999756813049316,True,2.4300536097143777e-05
train-023017-c7c86cc6c25a8879,5,6,train,14395875809809827961,pointer,R,I,,,E,False,True,,,-10.5,10.5,0.0009027088910025179,,I E A,13.875,0.9999990463256836,,
train-023017-c7c86cc6c25a8879,5,7,train,14395875809809827961,pointer,R,U,,,E,False,True,,,-6.6875,4.5,0.20825335963565658,,U I X,16.0,0.9999998807907104,,
train-023017-c7c86cc6c25a8879,5,8,train,14395875809809827961,pointer,R,U,,,E,False,True,,,-3.9375,3.3125,0.7043268718780694,,U X E,16.625,0.9999998807907104,,
train-023017-c7c86cc6c25a8879,5,9,train,14395875809809827961,pointer,R,A,,,E,False,True,,,-0.8125,0.25,2.6156132618595116,,A X D,16.625,0.9999998807907104,,
train-023017-c7c86cc6c25a8879,5,10,train,14395875809809827961,pointer,R,A,,,E,False,True,,,-1.875,1.0,2.3277741144141295,,A D X,16.25,0.9999998807907104,,
train-023017-c7c86cc6c25a8879,5,11,train,14395875809809827961,pointer,R,A,,,E,False,True,,,-2.1875,1.4375,2.0514435342869155,,A D X,15.8125,0.9999998807907104,,
train-023017-c7c86cc6c25a8879,5,12,train,14395875809809827961,pointer,R,A,,,E,False,True,,,-2.125,1.75,1.9144504803194933,,A D X,15.375,0.9999997615814209,,
train-024395-c3738c1931c01844,6,1,train,14083754499554416708,pointer,H,N,N,True,P,False,False,7.152555099310121e-07,15.75,-17.0,15.75,1.1736730984166986e-05,1,N A D,-34.0,1.71390848833098e-15,False,0.0
train-024395-c3738c1931c01844,6,2,train,14083754499554416708,pointer,H,A,A,True,P,False,False,6.532455881824717e-05,10.9375,-11.0625,10.9375,0.0008442691697504609,1,A B P,-29.0,2.5436656904062604e-13,False,0.0
train-024395-c3738c1931c01844,6,3,train,14083754499554416708,pointer,H,S,S,True,P,False,False,7.510157047363464e-06,13.875,-14.875,13.875,0.00011609066261407283,1,S C W,-27.0,1.8795288676126676e-12,False,0.0
train-024395-c3738c1931c01844,6,4,train,14083754499554416708,pointer,H,J,J,True,P,False,False,5.125986263010418e-06,13.75,-16.75,13.75,8.124661554890232e-05,1,J I K,-20.625,1.1032560420787263e-09,False,0.0
train-024395-c3738c1931c01844,6,5,train,14083754499554416708,pointer,H,K,K,True,P,False,False,0.00010632903286023065,9.875,-13.0625,9.875,0.0012982073712680634,1,K D Z,-7.96875,0.00034599160426296294,False,0.00034618377685546875
train-024395-c3738c1931c01844,6,6,train,14083754499554416708,pointer,H,P,P,True,P,True,False,4.2914423829643056e-05,11.75,11.75,11.75,0.000587913753373934,1,P C L,6.78125,0.9988664388656616,True,0.0011342120124027133
train-024395-c3738c1931c01844,6,7,train,14083754499554416708,pointer,H,I,,,P,False,True,,,-13.0625,10.9375,0.0010723374600212225,,I E J,10.875,0.9999810457229614,,
train-024395-c3738c1931c01844,6,8,train,14083754499554416708,pointer,H,P,,,P,True,True,,,7.25,7.25,0.026001940385657778,,P L A,13.1875,0.9999980926513672,,
train-024395-c3738c1931c01844,6,9,train,14083754499554416708,pointer,H,I,,,P,False,True,,,-1.125,1.125,1.007234787550063,,I P A,13.75,0.999998927116394,,
train-024395-c3738c1931c01844,6,10,train,14083754499554416708,pointer,H,P,,,P,True,True,,,1.375,1.375,2.4909950864188364,,P I A,14.0625,0.9999991655349731,,
train-024395-c3738c1931c01844,6,11,train,14083754499554416708,pointer,H,P,,,P,True,True,,,0.3125,0.3125,2.851376072621119,,P A X,13.9375,0.9999991655349731,,
train-024395-c3738c1931c01844,6,12,train,14083754499554416708,pointer,H,A,,,P,False,True,,,-1.0,0.0625,2.8253306062256285,,A X D,13.6875,0.9999988079071045,,
train-005451-67cfd72ec7a46325,8,1,train,7480434102003589925,pointer,Q,F,F,True,W,False,False,4.529942543740617e-06,14.375,-14.375,14.375,7.473559357004154e-05,1,F D W,-33.75,2.200701923008052e-15,False,0.0
train-005451-67cfd72ec7a46325,8,2,train,7480434102003589925,pointer,Q,P,P,True,W,False,False,9.870042413240299e-05,9.375,-15.6875,9.375,0.0010806952831555635,1,P Y X,-34.25,1.334793164161545e-15,False,0.0
train-005451-67cfd72ec7a46325,8,3,train,7480434102003589925,pointer,Q,Y,Y,True,W,False,False,1.7762025890988298e-05,11.75,-15.4375,11.75,0.0002500345370409223,1,Y X R,-30.375,6.431393774746635e-14,False,0.0
train-005451-67cfd72ec7a46325,8,4,train,7480434102003589925,pointer,Q,J,J,True,W,False,False,9.894321920000948e-06,13.1875,-15.5,13.1875,0.00014992105738327927,1,J I Y,-26.25,3.978962558742749e-12,False,0.0
train-005451-67cfd72ec7a46325,8,5,train,7480434102003589925,pointer,Q,H,H,True,W,False,False,3.766942609217949e-05,11.8125,-14.5,11.8125,0.0005193420800733733,1,H R S,-22.375,1.917171560394948e-10,False,0.0
train-005451-67cfd72ec7a46325,8,6,train,7480434102003589925,pointer,Q,V,V,True,W,False,False,3.4689302992774174e-05,11.25,-12.0,11.25,0.0004700133125517192,1,V D W,-14.125,7.338210252783028e-07,False,9.5367431640625e-07
train-005451-67cfd72ec7a46325,8,7,train,7480434102003589925,pointer,Q,D,D,True,W,False,False,8.320462075062096e-05,10.6875,-13.0,10.6875,0.0010668338905195024,1,D V C,-5.28125,0.005060331895947456,False,0.005073070526123047
train-005451-67cfd72ec7a46325,8,8,train,7480434102003589925,pointer,Q,W,W,True,W,True,False,0.00031680811662226915,8.375,8.375,8.375,0.003305292044823941,1,W V A,3.96875,0.9814534187316895,True,0.018720708787441254
train-005451-67cfd72ec7a46325,8,9,train,7480434102003589925,pointer,Q,V,,,W,False,True,,,-10.125,10.125,0.0006758751566976083,,V W U,8.375,0.9997695088386536,,
train-005451-67cfd72ec7a46325,8,10,train,7480434102003589925,pointer,Q,D,,,W,False,True,,,-11.3125,7.25,0.00731787683185743,,D V U,9.6875,0.999937891960144,,
train-005451-67cfd72ec7a46325,8,11,train,7480434102003589925,pointer,Q,W,,,W,True,True,,,3.0,3.0,0.20323937065593398,,W V A,10.0625,0.9999573230743408,,
train-005451-67cfd72ec7a46325,8,12,train,7480434102003589925,pointer,Q,V,,,W,False,True,,,-2.5,2.5,0.3732260140835641,,V W D,10.875,0.9999810457229614,,
train-023200-3e18b29b9bf9b55f,10,1,train,4474522611199096159,pointer,C,T,T,True,H,False,False,0.0006357794045470655,9.125,-9.75,9.125,0.00706713613810849,1,T W A,-36.0,2.3195229636950566e-16,False,0.0
train-023200-3e18b29b9bf9b55f,10,2,train,4474522611199096159,pointer,C,U,U,True,H,False,False,0.0012557962909340858,8.0625,-12.3125,8.0625,0.012637207076496718,1,U P Q,-33.75,2.200701923008052e-15,False,0.0
train-023200-3e18b29b9bf9b55f,10,3,train,4474522611199096159,pointer,C,Q,Q,True,H,False,False,0.00020013237372040749,9.5,-12.375,9.5,0.002258133371035005,1,Q W R,-34.25,1.334793164161545e-15,False,0.0
train-023200-3e18b29b9bf9b55f,10,4,train,4474522611199096159,pointer,C,X,X,True,H,False,False,2.5152843591058627e-05,11.75,-15.3125,11.75,0.0003544919056329134,1,X Q Y,-30.125,8.258073180356443e-14,False,0.0
train-023200-3e18b29b9bf9b55f,10,5,train,4474522611199096159,pointer,C,E,E,True,H,False,False,3.683499380713329e-05,11.375,-14.25,11.375,0.0004996377506537108,1,E A X,-29.0,2.5436656904062604e-13,False,0.0
train-023200-3e18b29b9bf9b55f,10,6,train,4474522611199096159,pointer,C,W,W,True,H,False,False,8.21318244561553e-05,10.375,-14.125,10.375,0.0010303943316322705,1,W X Q,-24.625,2.020683967374204e-11,False,0.0
train-023200-3e18b29b9bf9b55f,10,7,train,4474522611199096159,pointer,C,O,O,True,H,False,False,5.9126061387360096e-05,10.125,-14.8125,10.125,0.0007230384161470506,1,O I A,-19.125,4.94445062670934e-09,False,0.0
train-023200-3e18b29b9bf9b55f,10,8,train,4474522611199096159,pointer,C,K,K,True,H,False,False,0.00043025295599363744,8.6875,-11.25,8.6875,0.004748364389177612,1,K J Q,-13.5,1.370957193103095e-06,False,9.5367431640625e-07
train-023200-3e18b29b9bf9b55f,10,9,train,4474522611199096159,pointer,C,R,R,True,H,False,False,0.00016151554882526398,9.125,-12.875,9.125,0.0017706703059078184,1,R W Q,-5.3125,0.004905405919998884,False,0.004917621612548828
train-023200-3e18b29b9bf9b55f,10,10,train,4474522611199096159,pointer,C,H,H,True,H,True,False,0.00017021637177094817,10.125,10.125,10.125,0.0021049885165767626,1,H R L,4.0,0.9820137619972229,True,0.018149929121136665
train-023200-3e18b29b9bf9b55f,10,11,train,4474522611199096159,pointer,C,W,,,H,False,True,,,-10.5625,7.0,0.017704913286750355,,W Q X,6.21875,0.9980121850967407,,
train-023200-3e18b29b9bf9b55f,10,12,train,4474522611199096159,pointer,C,O,,,H,False,True,,,-14.0625,10.0,0.001996115887563216,,O A Q,7.34375,0.99935382604599,,
train-025523-3d64063886261306,12,1,train,4423667573823247110,pointer,X,T,T,True,R,False,False,3.58813522325363e-05,12.1875,-12.9375,12.1875,0.000503678845792113,1,T A P,-35.5,3.824246554245779e-16,False,0.0
train-025523-3d64063886261306,12,2,train,4423667573823247110,pointer,X,F,F,True,R,False,False,0.0003159739135298878,8.25,-14.5625,8.25,0.003128883640790196,1,F G C,-32.0,1.2664165777252073e-14,False,0.0
train-025523-3d64063886261306,12,3,train,4423667573823247110,pointer,X,Z,Z,True,R,False,False,6.174850568640977e-05,11.125,-11.125,11.125,0.0008262205148198809,1,Z R Q,-31.25,2.681003781880662e-14,False,0.0
train-025523-3d64063886261306,12,4,train,4423667573823247110,pointer,X,B,B,True,R,False,False,2.3603161025675945e-05,12.375,-15.4375,12.375,0.00033409207232730086,1,B C H,-30.125,8.258073180356443e-14,False,0.0
train-025523-3d64063886261306,12,5,train,4423667573823247110,pointer,X,J,J,True,R,False,False,0.0001896439935080707,8.625,-14.0625,8.625,0.001882231354306928,1,J B K,-28.5,4.193795918178145e-13,False,0.0
train-025523-3d64063886261306,12,6,train,4423667573823247110,pointer,X,Y,Y,True,R,False,False,2.253030106658116e-05,11.875,-14.25,11.875,0.0003173737110230218,1,Y X Z,-26.125,4.508755348242577e-12,False,0.0
train-025523-3d64063886261306,12,7,train,4423667573823247110,pointer,X,P,P,True,R,False,False,0.00011336160969221964,9.375,-13.0625,9.375,0.0012825357597700568,1,P W Q,-23.25,7.99195987166712e-11,False,0.0
train-025523-3d64063886261306,12,8,train,4423667573823247110,pointer,X,O,O,True,R,False,False,3.766942609217949e-05,11.25,-13.9375,11.25,0.0005007357428204848,1,O I Q,-20.75,9.736200734522527e-10,False,0.0
train-025523-3d64063886261306,12,9,train,4423667573823247110,pointer,X,W,W,True,R,False,False,0.0001299296854995191,10.375,-12.1875,10.375,0.0016260568995601428,1,W P O,-16.625,6.023573462243803e-08,False,0.0
train-025523-3d64063886261306,12,10,train,4423667573823247110,pointer,X,Q,Q,True,R,False,False,0.00011908298620255664,10.0,-10.0,10.0,0.0014726633950094636,1,Q R H,-10.75,2.1444948288262822e-05,False,2.09808349609375e-05
train-025523-3d64063886261306,12,11,train,4423667573823247110,pointer,X,N,N,True,R,False,False,0.0005199749139137566,9.0625,-9.375,9.0625,0.0056908736734773676,1,N L M,-2.515625,0.07477004081010818,False,0.0777130126953125
train-025523-3d64063886261306,12,12,train,4423667573823247110,pointer,X,R,R,True,R,True,False,7.176141662057489e-05,11.0625,11.0625,11.0625,0.0009455419969632909,1,R Q A,3.15625,0.9591543078422546,True,0.04170333966612816
train-013455-274b41827418e2b2,1,1,train,2831428819281830578,pointer,U,V,V,True,V,True,False,4.8874615458771586e-05,11.0,11.0,11.0,0.0006551208498461656,1,V F B,10.5625,0.9999741315841675,True,2.5867766453302465e-05
train-013455-274b41827418e2b2,1,2,train,2831428819281830578,pointer,U,H,,,V,False,True,,,-16.1875,12.3125,0.00023011462006001783,,H G N,11.1875,0.9999861717224121,,
train-013455-274b41827418e2b2,1,3,train,2831428819281830578,pointer,U,L,,,V,False,True,,,-14.875,9.0,0.0030348735461791566,,L C D,14.9375,0.9999996423721313,,
train-013455-274b41827418e2b2,1,4,train,2831428819281830578,pointer,U,T,,,V,False,True,,,-14.0625,8.75,0.00372027580781392,,T N L,15.9375,0.9999998807907104,,
train-013455-274b41827418e2b2,1,5,train,2831428819281830578,pointer,U,Z,,,V,False,True,,,-12.5625,6.6875,0.02088080857955321,,Z N T,16.75,1.0,,
train-013455-274b41827418e2b2,1,6,train,2831428819281830578,pointer,U,C,,,V,False,True,,,-10.5625,5.0,0.07761114000290392,,C N M,17.75,1.0,,
train-013455-274b41827418e2b2,1,7,train,2831428819281830578,pointer,U,C,,,V,False,True,,,-6.0625,1.875,1.4016527418509104,,C N D,17.25,1.0,,
train-013455-274b41827418e2b2,1,8,train,2831428819281830578,pointer,U,Q,,,V,False,True,,,-3.3125,0.1875,2.297313125860142,,Q D C,16.5,0.9999998807907104,,
train-013455-274b41827418e2b2,1,9,train,2831428819281830578,pointer,U,Q,,,V,False,True,,,-3.15625,0.5625,2.1394293356487726,,Q D L,15.75,0.9999998807907104,,
train-013455-274b41827418e2b2,1,10,train,2831428819281830578,pointer,U,Q,,,V,False,True,,,-3.15625,0.8125,2.012905838712302,,Q D L,15.0625,0.9999997615814209,,
train-013455-274b41827418e2b2,1,11,train,2831428819281830578,pointer,U,Q,,,V,False,True,,,-3.15625,1.0,1.9773928580666087,,Q D L,14.5,0.9999995231628418,,
train-013455-274b41827418e2b2,1,12,train,2831428819281830578,pointer,U,Q,,,V,False,True,,,-3.3125,1.28125,1.8941766466528502,,Q D L,14.0,0.9999991655349731,,
train-015283-109ae72f0b520a01,2,1,train,1196522840259693057,pointer,J,I,I,True,T,False,False,1.1920928244535389e-07,17.375,-18.9375,17.375,3.4184056160243456e-06,1,I O L,-19.25,4.363462480228009e-09,False,0.0
train-015283-109ae72f0b520a01,2,2,train,1196522840259693057,pointer,J,T,T,True,T,True,False,2.586808113846928e-05,11.8125,11.8125,11.8125,0.0003671094659422346,1,T S F,12.5625,0.999996542930603,True,3.500860657368321e-06
train-015283-109ae72f0b520a01,2,3,train,1196522840259693057,pointer,J,K,,,T,False,True,,,-15.0625,11.75,0.00043939143194205306,,K C F,19.75,1.0,,
train-015283-109ae72f0b520a01,2,4,train,1196522840259693057,pointer,J,G,,,T,False,True,,,-14.625,10.4375,0.0006946611417927134,,G F B,21.5,1.0,,
train-015283-109ae72f0b520a01,2,5,train,1196522840259693057,pointer,J,V,,,T,False,True,,,-5.4375,1.625,1.3685687613146462,,V G M,21.0,1.0,,
train-015283-109ae72f0b520a01,2,6,train,1196522840259693057,pointer,J,A,,,T,False,True,,,-2.9375,0.625,2.3894077098274664,,A M G,20.125,1.0,,
train-015283-109ae72f0b520a01,2,7,train,1196522840259693057,pointer,J,A,,,T,False,True,,,-4.5625,1.1875,1.603979233909921,,A L M,19.0,1.0,,
train-015283-109ae72f0b520a01,2,8,train,1196522840259693057,pointer,J,A,,,T,False,True,,,-5.65625,1.6875,1.1173584826034093,,A L M,18.0,1.0,,
train-015283-109ae72f0b520a01,2,9,train,1196522840259693057,pointer,J,A,,,T,False,True,,,-6.0625,2.25,0.8941911702571437,,A L M,17.125,1.0,,
train-015283-109ae72f0b520a01,2,10,train,1196522840259693057,pointer,J,A,,,T,False,True,,,-6.0625,2.625,0.8346405457441095,,A L M,16.25,0.9999998807907104,,
train-015283-109ae72f0b520a01,2,11,train,1196522840259693057,pointer,J,A,,,T,False,True,,,-5.828125,2.8125,0.9017716391397221,,A L M,15.625,0.9999998807907104,,
train-015283-109ae72f0b520a01,2,12,train,1196522840259693057,pointer,J,A,,,T,False,True,,,-5.59375,3.0,0.9642804401549031,,A Q L,15.0,0.9999996423721313,,
train-006896-83ac3cd6377eccdd,3,1,train,9488025405714517213,pointer,B,E,E,True,Y,False,False,1.1920858014491387e-05,11.375,-21.25,11.375,0.00014892087774235485,1,E U D,-25.25,1.0815941024755471e-11,False,0.0
train-006896-83ac3cd6377eccdd,3,2,train,9488025405714517213,pointer,B,G,G,True,Y,False,False,7.748573807475623e-06,13.5,-16.9375,13.5,0.0001202312981055585,1,G E J,-12.3125,4.495181656238856e-06,False,4.76837158203125e-06
train-006896-83ac3cd6377eccdd,3,3,train,9488025405714517213,pointer,B,Y,Y,True,Y,True,False,0.0001778444420779124,9.25,9.25,9.25,0.002041916673793818,1,Y X Z,8.25,0.9997387528419495,True,0.0002612244279589504
train-006896-83ac3cd6377eccdd,3,4,train,9488025405714517213,pointer,B,J,,,Y,False,True,,,-9.625,9.5625,0.0026227742204803805,,J G Y,16.75,1.0,,
train-006896-83ac3cd6377eccdd,3,5,train,9488025405714517213,pointer,B,O,,,Y,False,True,,,-6.5,3.9375,0.2694108836341657,,O Q R,18.0,1.0,,
train-006896-83ac3cd6377eccdd,3,6,train,9488025405714517213,pointer,B,O,,,Y,False,True,,,-0.375,0.0625,2.766702042505839,,O X Q,18.125,1.0,,
train-006896-83ac3cd6377eccdd,3,7,train,9488025405714517213,pointer,B,A,,,Y,False,True,,,-1.25,0.6875,2.6923645362278994,,A X R,17.25,1.0,,
train-006896-83ac3cd6377eccdd,3,8,train,9488025405714517213,pointer,B,A,,,Y,False,True,,,-2.5625,1.6875,2.362827095924004,,A X R,16.375,0.9999998807907104,,
train-006896-83ac3cd6377eccdd,3,9,train,9488025405714517213,pointer,B,A,,,Y,False,True,,,-4.0,2.5,1.8850909207507927,,A E X,15.6875,0.9999998807907104,,
train-006896-83ac3cd6377eccdd,3,10,train,9488025405714517213,pointer,B,A,,,Y,False,True,,,-5.0,2.59375,1.5865697606605371,,A E Q,15.0,0.9999996423721313,,
train-006896-83ac3cd6377eccdd,3,11,train,9488025405714517213,pointer,B,A,,,Y,False,True,,,-5.921875,2.71875,1.3774637796762759,,A E I,14.4375,0.9999994039535522,,
train-006896-83ac3cd6377eccdd,3,12,train,9488025405714517213,pointer,B,A,,,Y,False,True,,,-6.5625,2.75,1.321878568781051,,A E I,13.9375,0.9999991655349731,,
train-005871-81a96aa773071cb2,4,1,train,9343116169378733234,pointer,G,D,D,True,U,False,False,8.344646857949556e-07,14.75,-17.5625,14.75,1.4596166497978865e-05,1,D C B,-29.75,1.2015425275829078e-13,False,0.0
train-005871-81a96aa773071cb2,4,2,train,9343116169378733234,pointer,G,E,E,True,U,False,False,3.576278118089249e-07,16.375,-19.6875,16.375,7.077314718949178e-06,1,E D F,-24.375,2.5946094231454886e-11,False,0.0
train-005871-81a96aa773071cb2,4,3,train,9343116169378733234,pointer,G,V,V,True,U,False,False,4.053033626405522e-05,12.0,-14.875,12.0,0.0005649277326520748,1,V C F,-10.9375,1.7778551409719512e-05,False,1.811981201171875e-05
train-005871-81a96aa773071cb2,4,4,train,9343116169378733234,pointer,G,U,U,True,U,True,False,0.00012385078298393637,10.625,10.625,10.625,0.0015764683887955953,1,U X E,9.75,0.9999417066574097,True,5.8292964240536094e-05
train-005871-81a96aa773071cb2,4,5,train,9343116169378733234,pointer,G,X,,,U,False,True,,,-12.6875,9.9375,0.0010774860409529206,,X Y Z,14.0625,0.9999991655349731,,
train-005871-81a96aa773071cb2,4,6,train,9343116169378733234,pointer,G,X,,,U,False,True,,,-7.375,3.75,0.4630112571573043,,X D P,16.25,0.9999998807907104,,
train-005871-81a96aa773071cb2,4,7,train,9343116169378733234,pointer,G,D,,,U,False,True,,,-5.03125,0.3125,2.142849752782039,,D C X,16.125,0.9999998807907104,,
train-005871-81a96aa773071cb2,4,8,train,9343116169378733234,pointer,G,A,,,U,False,True,,,-6.15625,0.0625,1.8566412047086993,,A C D,15.5,0.9999997615814209,,
train-005871-81a96aa773071cb2,4,9,train,9343116169378733234,pointer,G,A,,,U,False,True,,,-7.5,1.25,1.4537008298506393,,A C D,14.8125,0.9999996423721313,,
train-005871-81a96aa773071cb2,4,10,train,9343116169378733234,pointer,G,A,,,U,False,True,,,-8.125,2.25,0.9532240287007823,,A C D,14.125,0.9999992847442627,,
train-005871-81a96aa773071cb2,4,11,train,9343116169378733234,pointer,G,A,,,U,False,True,,,-7.953125,2.75,0.7289037945588179,,A C D,13.5,0.9999985694885254,,
train-005871-81a96aa773071cb2,4,12,train,9343116169378733234,pointer,G,A,,,U,False,True,,,-7.453125,2.875,0.7086373303917917,,A C E,12.9375,0.999997615814209,,
train-017374-80384c4a738700ad,5,1,train,9239218518200090797,pointer,G,Y,Y,True,E,False,False,2.3841855067985307e-07,15.25,-19.5,15.25,5.8699206020195464e-06,1,Y X J,-33.5,2.825757392698391e-15,False,0.0
train-017374-80384c4a738700ad,5,2,train,9239218518200090797,pointer,G,O,O,True,E,False,False,4.172316494077677e-06,13.375,-16.3125,13.375,6.564151268841688e-05,1,O Q R,-30.125,8.258073180356443e-14,False,0.0
train-017374-80384c4a738700ad,5,3,train,9239218518200090797,pointer,G,S,S,True,E,False,False,0.00019977481861133128,9.5625,-14.3125,9.5625,0.0023533181327492878,1,S P T,-23.0,1.0261879540562902e-10,False,0.0
train-017374-80384c4a738700ad,5,4,train,9239218518200090797,pointer,G,C,C,True,E,False,False,0.00018869050836656243,10.5625,-11.0625,10.5625,0.0023469097694363613,1,C P D,-8.9375,0.00013135180051904172,False,0.0001316070556640625
train-017374-80384c4a738700ad,5,5,train,9239218518200090797,pointer,G,E,E,True,E,True,False,0.00019870213873218745,10.3125,10.3125,10.3125,0.002448753652355956,1,E I A,6.25,0.9980732202529907,True,0.0019285932648926973
train-017374-80384c4a738700ad,5,6,train,9239218518200090797,pointer,G,N,,,E,False,True,,,-5.625,5.625,0.029452747089725163,,N E D,13.1875,0.9999980926513672,,
train-017374-80384c4a738700ad,5,7,train,9239218518200090797,pointer,G,Q,,,E,False,True,,,-6.0,3.875,0.4656621472799358,,Q N D,14.75,0.9999996423721313,,
train-017374-80384c4a738700ad,5,8,train,9239218518200090797,pointer,G,D,,,E,False,True,,,-4.0,0.625,1.8021871342951923,,D Q L,15.0625,0.9999997615814209,,
train-017374-80384c4a738700ad,5,9,train,9239218518200090797,pointer,G,D,,,E,False,True,,,-2.3125,0.375,2.4246144949880843,,D L R,14.9375,0.9999996423721313,,
train-017374-80384c4a738700ad,5,10,train,9239218518200090797,pointer,G,D,,,E,False,True,,,-1.3125,0.4375,2.5617334471592494,,D A R,14.5625,0.9999995231628418,,
train-017374-80384c4a738700ad,5,11,train,9239218518200090797,pointer,G,A,,,E,False,True,,,-1.1875,0.5625,2.4529388567680845,,A D R,14.125,0.9999992847442627,,
train-017374-80384c4a738700ad,5,12,train,9239218518200090797,pointer,G,A,,,E,False,True,,,-1.5,1.375,2.1881438651867477,,A R D,13.625,0.9999988079071045,,
train-027257-ac19bffcd6ed61b0,6,1,train,12401154141599916464,pointer,V,N,N,True,F,False,False,1.311301275563892e-06,15.5,-18.0625,15.5,2.337002761671028e-05,1,N M A,-34.25,1.334793164161545e-15,False,0.0
train-027257-ac19bffcd6ed61b0,6,2,train,12401154141599916464,pointer,V,Q,Q,True,F,False,False,4.6491513785440475e-06,13.5,-17.1875,13.5,7.314674987440067e-05,1,Q P A,-28.125,6.101936447441836e-13,False,0.0
train-027257-ac19bffcd6ed61b0,6,3,train,12401154141599916464,pointer,V,M,M,True,F,False,False,3.0874729418428615e-05,11.9375,-13.6875,11.9375,0.00043370311762192177,1,M N D,-24.5,2.2897348947448215e-11,False,0.0
train-027257-ac19bffcd6ed61b0,6,4,train,12401154141599916464,pointer,V,W,W,True,F,False,False,2.2411095415009186e-05,11.5,-14.8125,11.5,0.00030943716320205,1,W X Y,-20.375,1.4166088302403068e-09,False,0.0
train-027257-ac19bffcd6ed61b0,6,5,train,12401154141599916464,pointer,V,R,R,True,F,False,False,8.4638240878121e-06,13.75,-15.25,13.75,0.00013101973213008593,1,R L Q,-7.46875,0.0005703156930394471,False,0.0005702972412109375
train-027257-ac19bffcd6ed61b0,6,6,train,12401154141599916464,pointer,V,F,F,True,F,True,False,7.83174327807501e-05,10.9375,10.9375,10.9375,0.0010104494670981935,1,F G H,8.625,0.9998205304145813,True,0.00017954407667275518
train-027257-ac19bffcd6ed61b0,6,7,train,12401154141599916464,pointer,V,N,,,F,False,True,,,-8.6875,4.875,0.06253389657801732,,N O A,12.25,0.999995231628418,,
train-027257-ac19bffcd6ed61b0,6,8,train,12401154141599916464,pointer,V,Q,,,F,False,True,,,-8.125,5.0625,0.12635769777200243,,Q O U,14.0,0.9999991655349731,,
train-027257-ac19bffcd6ed61b0,6,9,train,12401154141599916464,pointer,V,M,,,F,False,True,,,-0.875,0.1875,2.5886891209500704,,M A L,14.625,0.9999995231628418,,
train-027257-ac19bffcd6ed61b0,6,10,train,12401154141599916464,pointer,V,A,,,F,False,True,,,-0.3125,0.1875,2.5921005000561674,,A X F,14.875,0.9999996423721313,,
train-027257-ac19bffcd6ed61b0,6,11,train,12401154141599916464,pointer,V,A,,,F,False,True,,,-0.9375,0.1875,2.469202608026305,,A X F,14.8125,0.9999996423721313,,
train-027257-ac19bffcd6ed61b0,6,12,train,12401154141599916464,pointer,V,A,,,F,False,True,,,-1.8125,0.5,2.2931698301152093,,A X L,14.6875,0.9999995231628418,,
train-016998-71ad8a9ec4fa0135,8,1,train,8191355711770984757,pointer,N,P,P,True,H,False,False,1.7404405298293568e-05,13.125,-14.5,13.125,0.00025611047712647417,1,P S A,-35.0,6.305116853596367e-16,False,0.0
train-016998-71ad8a9ec4fa0135,8,2,train,8191355711770984757,pointer,N,K,K,True,H,False,False,1.4066597032069694e-05,12.5625,-12.5625,12.5625,0.00020876950434655305,1,K H V,-33.75,2.200701923008052e-15,False,0.0
train-016998-71ad8a9ec4fa0135,8,3,train,8191355711770984757,pointer,N,Z,Z,True,H,False,False,8.940656698541716e-06,12.25,-16.4375,12.25,0.00013074910342656806,1,Z R X,-30.75,4.420228221532589e-14,False,0.0
train-016998-71ad8a9ec4fa0135,8,4,train,8191355711770984757,pointer,N,C,C,True,H,False,False,7.080780778778717e-05,11.125,-12.1875,11.125,0.0009330027355255367,1,C B F,-25.75,6.5601998659736704e-12,False,0.0
train-016998-71ad8a9ec4fa0135,8,5,train,8191355711770984757,pointer,N,V,V,True,H,False,False,0.0022684813011437654,6.125,-12.25,6.125,0.016571632894140674,1,V Q R,-22.625,1.493094675675266e-10,False,0.0
train-016998-71ad8a9ec4fa0135,8,6,train,8191355711770984757,pointer,N,Z,G,False,H,False,False,1.8077161312103271,-1.625,-8.75,1.625,0.47370650422527727,2,Z G V,-15.8125,1.3574330637311505e-07,False,0.0
train-016998-71ad8a9ec4fa0135,8,7,train,8191355711770984757,pointer,N,C,W,False,H,False,False,11.563970565795898,-11.5625,-7.3125,7.3125,0.014099109759363005,19,C H F,-1.5234375,0.17895588278770447,False,0.19717848300933838
train-016998-71ad8a9ec4fa0135,8,8,train,8191355711770984757,pointer,N,V,H,False,H,False,False,9.356268882751465,-9.3125,-9.3125,3.125,0.182262413636114,4,V Q R,5.09375,0.9939024448394775,True,0.006116227712482214
train-016998-71ad8a9ec4fa0135,8,9,train,8191355711770984757,pointer,N,G,,,H,False,True,,,-6.25,0.0,0.8282280618761146,,G Z R,8.6875,0.9998313188552856,,
train-016998-71ad8a9ec4fa0135,8,10,train,8191355711770984757,pointer,N,C,,,H,False,True,,,-4.1875,3.625,0.4304118999258149,,C Z H,10.125,0.9999599456787109,,
train-016998-71ad8a9ec4fa0135,8,11,train,8191355711770984757,pointer,N,C,,,H,False,True,,,-1.8125,1.8125,1.5316405010248675,,C H V,10.8125,0.9999798536300659,,
train-016998-71ad8a9ec4fa0135,8,12,train,8191355711770984757,pointer,N,C,,,H,False,True,,,-0.5625,0.25,2.2586452407774815,,C V H,11.25,0.999987006187439,,
train-003256-5caa683024108d13,10,1,train,6677263953502965011,pointer,K,R,R,True,C,False,False,1.0967194612021558e-05,13.75,-14.25,13.75,0.00016779192242762862,1,R S A,-34.5,1.0395380192976668e-15,False,0.0
train-003256-5caa683024108d13,10,2,train,6677263953502965011,pointer,K,P,P,True,C,False,False,2.276871418871451e-05,12.25,-13.0,12.25,0.0003225325840004277,1,P D Q,-34.0,1.71390848833098e-15,False,0.0
train-003256-5caa683024108d13,10,3,train,6677263953502965011,pointer,K,D,D,True,C,False,False,0.00013100242358632386,10.0625,-11.625,10.0625,0.0015922607846023903,1,D L P,-31.0,3.4424770840998584e-14,False,0.0
train-003256-5caa683024108d13,10,4,train,6677263953502965011,pointer,K,A,A,True,C,False,False,6.01988795096986e-05,10.25,-12.875,10.25,0.0007555856979634197,1,A B E,-28.625,3.7010119361552407e-13,False,0.0
train-003256-5caa683024108d13,10,5,train,6677263953502965011,pointer,K,Q,Q,True,C,False,False,1.9311717551317997e-05,12.125,-13.25,12.125,0.0002792602892953253,1,Q P W,-27.375,1.29177994256241e-12,False,0.0
train-003256-5caa683024108d13,10,6,train,6677263953502965011,pointer,K,W,W,True,C,False,False,0.0006413786904886365,7.875,-12.3125,7.875,0.006418934354323651,1,W T X,-23.0,1.0261879540562902e-10,False,0.0
train-003256-5caa683024108d13,10,7,train,6677263953502965011,pointer,K,C,J,False,C,True,False,13.189003944396973,-13.1875,6.625,6.625,0.012106273560462073,14,C Q P,-20.0,2.06115369216775e-09,False,0.0
train-003256-5caa683024108d13,10,8,train,6677263953502965011,pointer,K,L,G,False,C,False,False,12.250768661499023,-12.25,-9.6875,8.4375,0.008261145223116545,20,L D M,-11.0,1.6701422282494605e-05,False,1.71661376953125e-05
train-003256-5caa683024108d13,10,9,train,6677263953502965011,pointer,K,K,T,False,C,False,False,12.500506401062012,-12.5,-9.625,8.3125,0.00538112141676358,17,K O C,-5.5,0.00407013762742281,False,0.004078388214111328
train-003256-5caa683024108d13,10,10,train,6677263953502965011,pointer,K,R,C,False,C,False,False,10.750101089477539,-10.75,-10.75,10.75,0.00131138008273657,2,R C A,2.53125,0.9263036847114563,True,0.0765530988574028
train-003256-5caa683024108d13,10,11,train,6677263953502965011,pointer,K,P,,,C,False,True,,,-11.0,10.75,0.001402073182895189,,P A D,6.59375,0.9986329674720764,,
train-003256-5caa683024108d13,10,12,train,6677263953502965011,pointer,K,D,,,C,False,True,,,-10.1875,8.5,0.0061121400267594725,,D P A,7.4375,0.9994115829467773,,
train-015740-f4f5cf523055eaed,12,1,train,17651242266453732077,pointer,Z,C,C,True,G,False,False,7.998623186722398e-05,10.75,-11.5625,10.75,0.0010287558156150676,1,C D H,-33.75,2.200701923008052e-15,False,0.0
train-015740-f4f5cf523055eaed,12,2,train,17651242266453732077,pointer,Z,X,X,True,G,False,False,8.809178689261898e-05,11.25,-13.875,11.25,0.0011652426737011983,1,X T R,-33.5,2.825757392698391e-15,False,0.0
train-015740-f4f5cf523055eaed,12,3,train,17651242266453732077,pointer,Z,T,T,True,G,False,False,3.71926071238704e-05,11.0,-14.75,11.0,0.0004996077949400687,1,T X M,-33.5,2.825757392698391e-15,False,0.0
train-015740-f4f5cf523055eaed,12,4,train,17651242266453732077,pointer,Z,W,W,True,G,False,False,9.297892393078655e-05,9.625,-16.125,9.625,0.0010894787708466747,1,W S C,-31.375,2.365977659830095e-14,False,0.0
train-015740-f4f5cf523055eaed,12,5,train,17651242266453732077,pointer,Z,V,V,True,G,False,False,2.1815061700181104e-05,12.125,-15.625,12.125,0.00031312678045930146,1,V W M,-27.5,1.1399918552548738e-12,False,0.0
train-015740-f4f5cf523055eaed,12,6,train,17651242266453732077,pointer,Z,O,O,True,G,False,False,1.168244216387393e-05,13.1875,-15.9375,13.1875,0.00017614399183989458,1,O I E,-26.25,3.978962558742749e-12,False,0.0
train-015740-f4f5cf523055eaed,12,7,train,17651242266453732077,pointer,Z,R,R,True,G,False,False,0.00031132620642893016,9.3125,-12.0,9.3125,0.0036186608718845235,1,R F P,-22.625,1.493094675675266e-10,False,0.0
train-015740-f4f5cf523055eaed,12,8,train,17651242266453732077,pointer,Z,E,E,True,G,False,False,0.0001674750237725675,10.5,-12.1875,10.5,0.0020695002821628722,1,E C I,-20.875,8.592166977905435e-10,False,0.0
train-015740-f4f5cf523055eaed,12,9,train,17651242266453732077,pointer,Z,K,K,True,G,False,False,0.0015869655180722475,7.25,-11.4375,7.25,0.015286714648341337,1,K N O,-15.8125,1.3574330637311505e-07,False,0.0
train-015740-f4f5cf523055eaed,12,10,train,17651242266453732077,pointer,Z,D,D,True,G,False,False,8.95221673999913e-05,10.6875,-11.625,10.6875,0.0011640795936676811,1,D C G,-8.5625,0.000191104321856983,False,0.00019073486328125
train-015740-f4f5cf523055eaed,12,11,train,17651242266453732077,pointer,Z,L,L,True,G,False,False,0.00015198028995655477,10.625,-12.0625,10.625,0.0018973268636397528,1,L I D,-1.7734375,0.14511536061763763,False,0.15678870677947998
train-015740-f4f5cf523055eaed,12,12,train,17651242266453732077,pointer,Z,G,G,True,G,True,False,0.0002366024418734014,9.6875,9.6875,9.6875,0.0027493156000718494,1,G E L,3.796875,0.9780517220497131,True,0.02219270169734955
train-026478-7e33f7d5822ac89f,1,1,train,9093884568975100063,pointer,A,T,T,True,T,True,False,3.4570634852570947e-06,13.75,13.75,13.75,5.791924875316624e-05,1,T L F,10.25,0.9999645948410034,True,3.535687574185431e-05
train-026478-7e33f7d5822ac89f,1,2,train,9093884568975100063,pointer,A,F,,,T,False,True,,,-6.125,6.125,0.025500125806316404,,F T L,12.125,0.9999946355819702,,
train-026478-7e33f7d5822ac89f,1,3,train,9093884568975100063,pointer,A,M,,,T,False,True,,,-13.3125,7.75,0.004581798992036215,,M N B,15.1875,0.9999997615814209,,
train-026478-7e33f7d5822ac89f,1,4,train,9093884568975100063,pointer,A,J,,,T,False,True,,,-9.9375,5.8125,0.0848891242389975,,J C N,17.25,1.0,,
train-026478-7e33f7d5822ac89f,1,5,train,9093884568975100063,pointer,A,L,,,T,False,True,,,-6.875,4.625,0.18151904625916004,,L N D,17.375,1.0,,
train-026478-7e33f7d5822ac89f,1,6,train,9093884568975100063,pointer,A,L,,,T,False,True,,,-3.9375,1.5,1.403398973408345,,L U A,17.125,1.0,,
train-026478-7e33f7d5822ac89f,1,7,train,9093884568975100063,pointer,A,L,,,T,False,True,,,-2.25,0.375,1.879217973298272,,L A N,16.375,0.9999998807907104,,
train-026478-7e33f7d5822ac89f,1,8,train,9093884568975100063,pointer,A,L,,,T,False,True,,,-1.3125,0.9375,2.075756800931368,,L Q A,15.5625,0.9999998807907104,,
train-026478-7e33f7d5822ac89f,1,9,train,9093884568975100063,pointer,A,L,,,T,False,True,,,-1.0,0.875,2.0372895978714864,,L Q D,14.875,0.9999996423721313,,
train-026478-7e33f7d5822ac89f,1,10,train,9093884568975100063,pointer,A,L,,,T,False,True,,,-0.875,0.6875,2.0605763631400698,,L D Q,14.25,0.9999994039535522,,
train-026478-7e33f7d5822ac89f,1,11,train,9093884568975100063,pointer,A,L,,,T,False,True,,,-0.9375,0.5625,2.0941408259672456,,L D Q,13.6875,0.9999988079071045,,
train-026478-7e33f7d5822ac89f,1,12,train,9093884568975100063,pointer,A,L,,,T,False,True,,,-1.0,0.375,2.1501928474369563,,L D Q,13.1875,0.9999980926513672,,
train-028216-578065e4b1dc82c3,2,1,train,6305151511229661891,pointer,C,M,M,True,Q,False,False,5.960462772236497e-07,14.625,-14.625,14.625,1.0840148193972872e-05,1,M Q N,-16.75,5.315785145398877e-08,False,0.0
train-028216-578065e4b1dc82c3,2,2,train,6305151511229661891,pointer,C,Q,Q,True,Q,True,False,1.9073468138230965e-06,14.1875,14.1875,14.1875,3.153722393373761e-05,1,Q G D,14.1875,0.9999992847442627,True,6.89361286276835e-07
train-028216-578065e4b1dc82c3,2,3,train,6305151511229661891,pointer,C,Y,,,Q,False,True,,,-18.6875,11.5,0.0001370547556487467,,Y X Z,17.75,1.0,,
train-028216-578065e4b1dc82c3,2,4,train,6305151511229661891,pointer,C,I,,,Q,False,True,,,-14.5625,9.5625,0.002108444218683799,,I Y X,20.0,1.0,,
train-028216-578065e4b1dc82c3,2,5,train,6305151511229661891,pointer,C,I,,,Q,False,True,,,-4.3125,2.0,1.3616180123249444,,I A Y,20.375,1.0,,
train-028216-578065e4b1dc82c3,2,6,train,6305151511229661891,pointer,C,A,,,Q,False,True,,,-0.375,0.375,2.200184363227498,,A Q L,20.125,1.0,,
train-028216-578065e4b1dc82c3,2,7,train,6305151511229661891,pointer,C,Q,,,Q,True,True,,,0.0625,0.0625,1.9465022648849057,,Q A L,19.5,1.0,,
train-028216-578065e4b1dc82c3,2,8,train,6305151511229661891,pointer,C,A,,,Q,False,True,,,-0.5,0.5,1.8229702846345157,,A Q L,18.875,1.0,,
train-028216-578065e4b1dc82c3,2,9,train,6305151511229661891,pointer,C,A,,,Q,False,True,,,-0.84375,0.84375,1.7706822734351848,,A Q L,18.375,1.0,,
train-028216-578065e4b1dc82c3,2,10,train,6305151511229661891,pointer,C,A,,,Q,False,True,,,-1.09375,1.09375,1.730600075020974,,A Q L,17.75,1.0,,
train-028216-578065e4b1dc82c3,2,11,train,6305151511229661891,pointer,C,A,,,Q,False,True,,,-1.09375,1.09375,1.7717754101963699,,A Q L,17.25,1.0,,
train-028216-578065e4b1dc82c3,2,12,train,6305151511229661891,pointer,C,A,,,Q,False,True,,,-1.0,1.0,1.8226233967021046,,A Q E,16.75,1.0,,
train-020630-2b20b63ec27e4571,3,1,train,3107684123552925041,pointer,Z,M,M,True,R,False,False,-0.0,18.3125,-20.75,18.3125,5.989945882701192e-07,1,M N L,-24.875,1.573710259328287e-11,False,0.0
train-020630-2b20b63ec27e4571,3,2,train,3107684123552925041,pointer,Z,J,J,True,R,False,False,-0.0,18.375,-20.5,18.375,1.3399464490016832e-06,1,J B Y,-13.5,1.370957193103095e-06,False,9.5367431640625e-07
train-020630-2b20b63ec27e4571,3,3,train,3107684123552925041,pointer,Z,R,R,True,R,True,False,4.053033626405522e-05,11.75,11.75,11.75,0.000556162129764849,1,R A C,10.25,0.9999645948410034,True,3.535687574185431e-05
train-020630-2b20b63ec27e4571,3,4,train,3107684123552925041,pointer,Z,Q,,,R,False,True,,,-13.8125,13.8125,0.0001283006425517956,,Q R T,16.75,1.0,,
train-020630-2b20b63ec27e4571,3,5,train,3107684123552925041,pointer,Z,Y,,,R,False,True,,,-12.375,8.4375,0.005361269921155733,,Y A X,18.625,1.0,,
train-020630-2b20b63ec27e4571,3,6,train,3107684123552925041,pointer,Z,Y,,,R,False,True,,,-7.9375,4.1875,0.28139288119864847,,Y X W,18.5,1.0,,
train-020630-2b20b63ec27e4571,3,7,train,3107684123552925041,pointer,Z,Y,,,R,False,True,,,-3.875,0.625,1.5893382009684256,,Y A X,17.875,1.0,,
train-020630-2b20b63ec27e4571,3,8,train,3107684123552925041,pointer,Z,A,,,R,False,True,,,-3.25,1.625,1.6126915518178773,,A X Y,17.125,1.0,,
train-020630-2b20b63ec27e4571,3,9,train,3107684123552925041,pointer,Z,A,,,R,False,True,,,-3.28125,2.1875,1.3504354256436897,,A X L,16.5,0.9999998807907104,,
train-020630-2b20b63ec27e4571,3,10,train,3107684123552925041,pointer,Z,A,,,R,False,True,,,-3.53125,2.5625,1.168578326587029,,A X L,15.875,0.9999998807907104,,
train-020630-2b20b63ec27e4571,3,11,train,3107684123552925041,pointer,Z,A,,,R,False,True,,,-3.875,2.78125,1.1113155002922968,,A X E,15.3125,0.9999997615814209,,
train-020630-2b20b63ec27e4571,3,12,train,3107684123552925041,pointer,Z,A,,,R,False,True,,,-4.1875,3.0,1.0687575091676143,,A E X,14.8125,0.9999996423721313,,
train-019245-7f4dd457c0242d8c,4,1,train,9173221489374408076,pointer,S,K,K,True,Y,False,False,-0.0,17.875,-20.75,17.875,1.5196988308204732e-06,1,K N J,-31.0,3.4424770840998584e-14,False,0.0
train-019245-7f4dd457c0242d8c,4,2,train,9173221489374408076,pointer,S,Q,Q,True,Y,False,False,1.311301275563892e-06,13.75,-19.0,13.75,2.0557286873450477e-05,1,Q V X,-23.0,1.0261879540562902e-10,False,0.0
train-019245-7f4dd457c0242d8c,4,3,train,9173221489374408076,pointer,S,V,V,True,Y,False,False,0.00016652150952722877,8.75,-12.5,8.75,0.0016610459368270826,1,V Q Y,-9.0625,0.00011591934890020639,False,0.0001163482666015625
train-019245-7f4dd457c0242d8c,4,4,train,9173221489374408076,pointer,S,Y,Y,True,Y,True,False,5.471556869451888e-05,10.25,10.25,10.25,0.0006760432973013806,1,Y X U,12.0625,0.9999942779541016,True,5.771936230303254e-06
train-019245-7f4dd457c0242d8c,4,5,train,9173221489374408076,pointer,S,W,,,Y,False,True,,,-5.25,5.25,0.040941378417639035,,W Y Q,16.375,0.9999998807907104,,
train-019245-7f4dd457c0242d8c,4,6,train,9173221489374408076,pointer,S,W,,,Y,False,True,,,-1.125,0.1875,1.5030607220420724,,W C Y,17.75,1.0,,
train-019245-7f4dd457c0242d8c,4,7,train,9173221489374408076,pointer,S,Y,,,Y,True,True,,,0.6875,0.6875,2.303473389762519,,Y Q X,17.5,1.0,,
train-019245-7f4dd457c0242d8c,4,8,train,9173221489374408076,pointer,S,A,,,Y,False,True,,,-0.0625,0.0625,2.3928810837492214,,A Y X,16.75,1.0,,
train-019245-7f4dd457c0242d8c,4,9,train,9173221489374408076,pointer,S,A,,,Y,False,True,,,-1.6875,1.375,2.147942966664144,,A X Y,16.125,0.9999998807907104,,
train-019245-7f4dd457c0242d8c,4,10,train,9173221489374408076,pointer,S,A,,,Y,False,True,,,-3.15625,2.1875,1.7323418815905214,,A X L,15.4375,0.9999997615814209,,
train-019245-7f4dd457c0242d8c,4,11,train,9173221489374408076,pointer,S,A,,,Y,False,True,,,-4.53125,2.71875,1.393138216827643,,A L E,14.875,0.9999996423721313,,
train-019245-7f4dd457c0242d8c,4,12,train,9173221489374408076,pointer,S,A,,,Y,False,True,,,-5.546875,2.5,1.2156784422777236,,A E L,14.3125,0.9999994039535522,,
train-003280-bba029c07964010a,5,1,train,13519851988013285642,pointer,O,C,C,True,H,False,False,1.1920928244535389e-07,17.0,-19.25,17.0,2.0253648702050234e-06,1,C B D,-31.875,1.4350379676339627e-14,False,0.0
train-003280-bba029c07964010a,5,2,train,13519851988013285642,pointer,O,W,W,True,H,False,False,2.7418097943154862e-06,14.125,-17.625,14.125,4.4031629103784046e-05,1,W X R,-26.75,2.4133626954497833e-12,False,0.0
train-003280-bba029c07964010a,5,3,train,13519851988013285642,pointer,O,Y,Y,True,H,False,False,7.629365427419543e-06,11.875,-18.6875,11.875,0.00010189336594356313,1,Y X J,-21.25,5.905304023556823e-10,False,0.0
train-003280-bba029c07964010a,5,4,train,13519851988013285642,pointer,O,F,F,True,H,False,False,4.792098479811102e-05,11.25,-14.3125,11.25,0.000641471057050281,1,F U D,-6.1875,0.0020507434383034706,False,0.002052783966064453
train-003280-bba029c07964010a,5,5,train,13519851988013285642,pointer,O,H,H,True,H,True,False,1.6689160474925302e-05,13.0,13.0,13.0,0.0002443676096147228,1,H C T,9.4375,0.9999203681945801,True,7.967618148541078e-05
train-003280-bba029c07964010a,5,6,train,13519851988013285642,pointer,O,L,,,H,False,True,,,-12.5625,10.3125,0.002572897185263478,,L C A,13.75,0.999998927116394,,
train-003280-bba029c07964010a,5,7,train,13519851988013285642,pointer,O,J,,,H,False,True,,,-14.375,9.25,0.0018275435856399667,,J L Y,15.5,0.9999997615814209,,
train-003280-bba029c07964010a,5,8,train,13519851988013285642,pointer,O,J,,,H,False,True,,,-6.75,1.5,0.9453837094703605,,J Y L,15.75,0.9999998807907104,,
train-003280-bba029c07964010a,5,9,train,13519851988013285642,pointer,O,Y,,,H,False,True,,,-3.9375,0.5,1.9107014980863684,,Y L A,15.3125,0.9999997615814209,,
train-003280-bba029c07964010a,5,10,train,13519851988013285642,pointer,O,Y,,,H,False,True,,,-3.625,0.1875,2.1251954042080676,,Y L R,14.875,0.9999996423721313,,
train-003280-bba029c07964010a,5,11,train,13519851988013285642,pointer,O,A,,,H,False,True,,,-3.53125,0.0625,2.246494920073414,,A L Y,14.4375,0.9999994039535522,,
train-003280-bba029c07964010a,5,12,train,13519851988013285642,pointer,O,A,,,H,False,True,,,-4.28125,0.6875,2.2097566702714038,,A L X,14.0,0.9999991655349731,,
train-022631-bfdfee3d16ea97dc,6,1,train,13826031327195600860,pointer,Y,P,P,True,W,False,False,5.125986263010418e-06,13.875,-17.0625,13.875,8.121133538424782e-05,1,P A D,-32.0,1.2664165777252073e-14,False,0.0
train-022631-bfdfee3d16ea97dc,6,2,train,13826031327195600860,pointer,Y,F,F,True,W,False,False,5.8412379075889476e-06,13.25,-15.5625,13.25,9.146930418082254e-05,1,F T P,-29.0,2.5436656904062604e-13,False,0.0
train-022631-bfdfee3d16ea97dc,6,3,train,13826031327195600860,pointer,Y,V,V,True,W,False,False,8.940656698541716e-06,12.6875,-14.9375,12.6875,0.00013653348550983035,1,V F T,-24.5,2.2897348947448215e-11,False,0.0
train-022631-bfdfee3d16ea97dc,6,4,train,13826031327195600860,pointer,Y,T,T,True,W,False,False,0.0002661589242052287,8.25,-14.5,8.25,0.002492177837328682,1,T V E,-20.375,1.4166088302403068e-09,False,0.0
train-022631-bfdfee3d16ea97dc,6,5,train,13826031327195600860,pointer,Y,B,B,True,W,False,False,1.0490362910786644e-05,12.625,-16.6875,12.625,0.00015402356906844166,1,B C E,-5.96875,0.0025509123224765062,False,0.0025539398193359375
train-022631-bfdfee3d16ea97dc,6,6,train,13826031327195600860,pointer,Y,W,W,True,W,True,False,2.1934269170742482e-05,12.6875,12.6875,12.6875,0.0003177202987510132,1,W C B,7.78125,0.9995827078819275,True,0.0004174028290435672
train-022631-bfdfee3d16ea97dc,6,7,train,13826031327195600860,pointer,Y,M,,,W,False,True,,,-13.9375,9.625,0.0023586545276290134,,M C L,12.5625,0.999996542930603,,
train-022631-bfdfee3d16ea97dc,6,8,train,13826031327195600860,pointer,Y,Q,,,W,False,True,,,-13.5625,10.75,0.001472105668508815,,Q R P,13.5625,0.9999986886978149,,
train-022631-bfdfee3d16ea97dc,6,9,train,13826031327195600860,pointer,Y,E,,,W,False,True,,,-9.875,4.5,0.09677582875317618,,E Q L,14.6875,0.9999995231628418,,
train-022631-bfdfee3d16ea97dc,6,10,train,13826031327195600860,pointer,Y,E,,,W,False,True,,,-7.375,4.5625,0.3925114716308821,,E Q C,14.8125,0.9999996423721313,,
train-022631-bfdfee3d16ea97dc,6,11,train,13826031327195600860,pointer,Y,E,,,W,False,True,,,-4.5625,1.1875,2.090454633581024,,E C V,14.625,0.9999995231628418,,
train-022631-bfdfee3d16ea97dc,6,12,train,13826031327195600860,pointer,Y,C,,,W,False,True,,,-4.0625,0.375,2.3708800990107926,,C A V,14.375,0.9999994039535522,,
train-001563-82460d762a9b53dd,8,1,train,9387205274472502237,pointer,K,H,H,True,Q,False,False,1.9073468138230965e-06,14.375,-19.1875,14.375,3.2197222711747736e-05,1,H B G,-35.5,3.824246554245779e-16,False,0.0
train-001563-82460d762a9b53dd,8,2,train,9387205274472502237,pointer,K,L,L,True,Q,False,False,0.0002037079248111695,10.5,-12.4375,10.5,0.0025013736395592995,1,L P N,-31.25,2.681003781880662e-14,False,0.0
train-001563-82460d762a9b53dd,8,3,train,9387205274472502237,pointer,K,N,N,True,Q,False,False,2.753696753643453e-05,11.25,-15.6875,11.25,0.0003636867685300167,1,N A L,-28.25,5.384939998250016e-13,False,0.0
train-001563-82460d762a9b53dd,8,4,train,9387205274472502237,pointer,K,S,S,True,Q,False,False,4.529942543740617e-06,13.8125,-16.375,13.8125,7.366055106733401e-05,1,S D N,-25.125,1.2256067688509731e-11,False,0.0
train-001563-82460d762a9b53dd,8,5,train,9387205274472502237,pointer,K,D,D,True,Q,False,False,2.90866428258596e-05,11.625,-16.0,11.625,0.00039702348190854756,1,D S U,-20.75,9.736200734522527e-10,False,0.0
train-001563-82460d762a9b53dd,8,6,train,9387205274472502237,pointer,K,U,U,True,Q,False,False,4.446407547220588e-05,10.375,-14.75,10.375,0.0005526782782122321,1,U X W,-13.75,1.0677027830752195e-06,False,9.5367431640625e-07
train-001563-82460d762a9b53dd,8,7,train,9387205274472502237,pointer,K,O,O,True,Q,False,False,7.235741941258311e-05,11.25,-11.875,11.25,0.0009616556361360884,1,O I A,-4.9375,0.00712142838165164,False,0.0071468353271484375
train-001563-82460d762a9b53dd,8,8,train,9387205274472502237,pointer,K,Q,Q,True,Q,True,False,6.48477507638745e-05,11.25,11.25,11.25,0.0008626084333719578,1,Q O P,5.8125,0.9970190525054932,True,0.0029854848980903625
train-001563-82460d762a9b53dd,8,9,train,9387205274472502237,pointer,K,V,,,Q,False,True,,,-12.625,12.1875,0.00043494815581591106,,V X Y,8.375,0.9997695088386536,,
train-001563-82460d762a9b53dd,8,10,train,9387205274472502237,pointer,K,N,,,Q,False,True,,,-13.125,9.1875,0.0026778054629701255,,N A L,10.375,0.9999687671661377,,
train-001563-82460d762a9b53dd,8,11,train,9387205274472502237,pointer,K,S,,,Q,False,True,,,-12.25,7.5,0.014206384217135742,,S A N,11.1875,0.9999861717224121,,
train-001563-82460d762a9b53dd,8,12,train,9387205274472502237,pointer,K,S,,,Q,False,True,,,-7.375,0.125,1.032727983231899,,S D A,12.0625,0.9999942779541016,,
train-013318-76c96468269f70a9,10,1,train,8559482965281697961,pointer,N,E,E,True,H,False,False,9.595887240720913e-05,10.0,-12.5625,10.0,0.0011846728383433822,1,E A X,-35.75,2.978326396525934e-16,False,0.0
train-013318-76c96468269f70a9,10,2,train,8559482965281697961,pointer,N,I,I,True,H,False,False,0.0002053765201708302,8.875,-12.9375,8.875,0.002252546241313041,1,I X A,-36.0,2.3195229636950566e-16,False,0.0
train-013318-76c96468269f70a9,10,3,train,8559482965281697961,pointer,N,X,X,True,H,False,False,0.0018498466815799475,6.5,-11.9375,6.5,0.014776635739607547,1,X I Q,-34.75,8.09592979254917e-16,False,0.0
train-013318-76c96468269f70a9,10,4,train,8559482965281697961,pointer,N,A,A,True,H,False,False,0.0009120118920691311,7.75,-12.1875,7.75,0.009129395710276456,1,A X C,-29.375,1.7482341258239636e-13,False,0.0
train-013318-76c96468269f70a9,10,5,train,8559482965281697961,pointer,N,F,F,True,H,False,False,3.0397906812140718e-05,10.875,-15.0,10.875,0.00039605285183026153,1,F D X,-27.375,1.29177994256241e-12,False,0.0
train-013318-76c96468269f70a9,10,6,train,8559482965281697961,pointer,N,B,B,True,H,False,False,7.295342220459133e-05,11.25,-11.4375,11.25,0.0009484239151593061,1,B C D,-22.625,1.493094675675266e-10,False,0.0
train-013318-76c96468269f70a9,10,7,train,8559482965281697961,pointer,N,V,V,True,H,False,False,6.294052582234144e-05,11.0,-12.125,11.0,0.000832214259513129,1,V U Q,-18.0,1.5229980832032197e-08,False,0.0
train-013318-76c96468269f70a9,10,8,train,8559482965281697961,pointer,N,U,U,True,H,False,False,0.00017021637177094817,9.0,-14.6875,9.0,0.0018684423211200794,1,U D E,-11.25,1.3007128472963814e-05,False,1.33514404296875e-05
train-013318-76c96468269f70a9,10,9,train,8559482965281697961,pointer,N,J,J,True,H,False,False,0.00029023250681348145,8.9375,-11.25,8.9375,0.003306985511731789,1,J I X,-4.84375,0.007815889082849026,False,0.007846832275390625
train-013318-76c96468269f70a9,10,10,train,8559482965281697961,pointer,N,H,H,True,H,True,False,0.00018535325943958014,9.5,9.5,9.5,0.0021835562139789853,1,H Q X,2.125,0.8933094143867493,True,0.1128222793340683
train-013318-76c96468269f70a9,10,11,train,8559482965281697961,pointer,N,I,,,H,False,True,,,-12.4375,6.75,0.011438112064351306,,I X A,5.78125,0.9969245791435242,,
train-013318-76c96468269f70a9,10,12,train,8559482965281697961,pointer,N,X,,,H,False,True,,,-13.5,5.0,0.04313571196676509,,X I Q,7.46875,0.9994296431541443,,
train-004247-cbe8feaa20ea1da9,12,1,train,14693273790946352553,pointer,Q,U,U,True,I,False,False,4.410734163684538e-06,13.8125,-15.375,13.8125,6.874315284593823e-05,1,U X A,-34.5,1.0395380192976668e-15,False,0.0
train-004247-cbe8feaa20ea1da9,12,2,train,14693273790946352553,pointer,Q,J,J,True,I,False,False,1.2755313036905136e-05,13.125,-13.625,13.125,0.00019280630938748952,1,J S K,-34.25,1.334793164161545e-15,False,0.0
train-004247-cbe8feaa20ea1da9,12,3,train,14693273790946352553,pointer,Q,S,S,True,I,False,False,8.689979586051777e-05,10.8125,-13.875,10.8125,0.0011338600293949142,1,S T R,-31.75,1.62611098224923e-14,False,0.0
train-004247-cbe8feaa20ea1da9,12,4,train,14693273790946352553,pointer,Q,Z,Z,True,I,False,False,8.475421054754406e-05,9.875,-14.3125,9.875,0.0010212185294867812,1,Z T X,-31.625,1.8426251396550485e-14,False,0.0
train-004247-cbe8feaa20ea1da9,12,5,train,14693273790946352553,pointer,Q,Y,Y,True,I,False,False,0.0005211663665249944,8.0,-12.5625,8.0,0.005153509762692782,1,Y O X,-27.5,1.1399918552548738e-12,False,0.0
train-004247-cbe8feaa20ea1da9,12,6,train,14693273790946352553,pointer,Q,G,G,True,I,False,False,0.002288105897605419,6.375,-12.875,6.375,0.018305502626385382,1,G E C,-24.375,2.5946094231454886e-11,False,0.0
train-004247-cbe8feaa20ea1da9,12,7,train,14693273790946352553,pointer,Q,R,R,True,I,False,False,4.017272294731811e-05,11.5625,-16.3125,11.5625,0.0005529235238282522,1,R P L,-21.875,3.16088155649652e-10,False,0.0
train-004247-cbe8feaa20ea1da9,12,8,train,14693273790946352553,pointer,Q,F,F,True,I,False,False,2.4318398573086597e-05,12.375,-15.625,12.375,0.00034829450378423674,1,F T U,-19.0,5.602796449011294e-09,False,0.0
train-004247-cbe8feaa20ea1da9,12,9,train,14693273790946352553,pointer,Q,L,L,True,I,False,False,0.0004654039512388408,9.0,-13.0,9.0,0.005056795604509984,1,L D R,-13.1875,1.8738753624347737e-06,False,1.9073486328125e-06
train-004247-cbe8feaa20ea1da9,12,10,train,14693273790946352553,pointer,Q,A,A,True,I,False,False,0.00010477947944309562,10.375,-10.625,10.375,0.001270310103791144,1,A E B,-7.78125,0.00041731575038284063,False,0.0004172325134277344
train-004247-cbe8feaa20ea1da9,12,11,train,14693273790946352553,pointer,Q,C,C,True,I,False,False,0.00033063191222026944,9.25,-13.375,9.25,0.003746287447551743,1,C A D,-0.447265625,0.3900110721588135,False,0.4943144917488098
train-004247-cbe8feaa20ea1da9,12,12,train,14693273790946352553,pointer,Q,I,I,True,I,True,False,0.0004689785710070282,8.8125,8.8125,8.8125,0.005134276822423326,1,I A E,2.234375,0.9032942056655884,True,0.10170696675777435
train-018315-fc608e1612621059,1,1,train,18185691520770904153,pointer,D,Y,Y,True,Y,True,False,1.537788011773955e-05,11.5,11.5,11.5,0.00021056542296587943,1,Y X A,11.5625,0.9999904632568359,True,9.516296813671943e-06
train-018315-fc608e1612621059,1,2,train,18185691520770904153,pointer,D,H,,,Y,False,True,,,-14.375,11.3125,0.0006910897770110166,,H G D,12.0625,0.9999942779541016,,
train-018315-fc608e1612621059,1,3,train,18185691520770904153,pointer,D,B,,,Y,False,True,,,-13.375,6.625,0.017285516914725997,,B C G,15.0625,0.9999997615814209,,
train-018315-fc608e1612621059,1,4,train,18185691520770904153,pointer,D,A,,,Y,False,True,,,-14.6875,9.75,0.0024133617424571103,,A B N,14.6875,0.9999995231628418,,
train-018315-fc608e1612621059,1,5,train,18185691520770904153,pointer,D,A,,,Y,False,True,,,-13.125,7.1875,0.01610730324888752,,A C B,15.6875,0.9999998807907104,,
train-018315-fc608e1612621059,1,6,train,18185691520770904153,pointer,D,A,,,Y,False,True,,,-7.8125,0.125,1.4036523659932256,,A C G,15.25,0.9999997615814209,,
train-018315-fc608e1612621059,1,7,train,18185691520770904153,pointer,D,C,,,Y,False,True,,,-6.875,1.0625,1.5003824971524586,,C G P,14.625,0.9999995231628418,,
train-018315-fc608e1612621059,1,8,train,18185691520770904153,pointer,D,C,,,Y,False,True,,,-5.0625,0.75,2.023965523530697,,C Q P,14.125,0.9999992847442627,,
train-018315-fc608e1612621059,1,9,train,18185691520770904153,pointer,D,Q,,,Y,False,True,,,-3.9375,0.5,2.2209181942338674,,Q P C,13.6875,0.9999988079071045,,
train-018315-fc608e1612621059,1,10,train,18185691520770904153,pointer,D,Q,,,Y,False,True,,,-3.625,0.8125,2.1670392788213393,,Q P D,13.375,0.9999984502792358,,
train-018315-fc608e1612621059,1,11,train,18185691520770904153,pointer,D,Q,,,Y,False,True,,,-3.5,1.15625,2.0859564088739373,,Q P D,13.0625,0.9999978542327881,,
train-018315-fc608e1612621059,1,12,train,18185691520770904153,pointer,D,Q,,,Y,False,True,,,-3.53125,1.5,1.9667064373068863,,Q P D,12.8125,0.9999972581863403,,
train-020827-6779fc3e4668ec01,2,1,train,7456268002488019969,pointer,C,X,X,True,P,False,False,1.7881377516459906e-06,14.125,-17.375,14.125,2.9612256850980362e-05,1,X Z S,-19.125,4.94445062670934e-09,False,0.0
train-020827-6779fc3e4668ec01,2,2,train,7456268002488019969,pointer,C,P,P,True,P,True,False,4.672895011026412e-05,11.1875,11.1875,11.1875,0.0006369004427801716,1,P R G,14.75,0.9999996423721313,True,3.927862621821987e-07
train-020827-6779fc3e4668ec01,2,3,train,7456268002488019969,pointer,C,Y,,,P,False,True,,,-15.5,10.1875,0.0012200082439448078,,Y X Z,17.25,1.0,,
train-020827-6779fc3e4668ec01,2,4,train,7456268002488019969,pointer,C,S,,,P,False,True,,,-9.0,3.125,0.38391013039414934,,S Y X,19.75,1.0,,
train-020827-6779fc3e4668ec01,2,5,train,7456268002488019969,pointer,C,X,,,P,False,True,,,-4.0,0.9375,2.2017954325020073,,X Y M,20.0,1.0,,
train-020827-6779fc3e4668ec01,2,6,train,7456268002488019969,pointer,C,M,,,P,False,True,,,-3.5,1.25,2.2274995289871473,,M A F,19.25,1.0,,
train-020827-6779fc3e4668ec01,2,7,train,7456268002488019969,pointer,C,M,,,P,False,True,,,-3.25,0.9375,2.0641234774295203,,M A L,18.5,1.0,,
train-020827-6779fc3e4668ec01,2,8,train,7456268002488019969,pointer,C,M,,,P,False,True,,,-2.90625,0.4375,2.0037308340797244,,M A L,17.875,1.0,,
train-020827-6779fc3e4668ec01,2,9,train,7456268002488019969,pointer,C,A,,,P,False,True,,,-2.6875,0.125,1.9728293997289774,,A M L,17.25,1.0,,
train-020827-6779fc3e4668ec01,2,10,train,7456268002488019969,pointer,C,A,,,P,False,True,,,-2.8125,0.5,1.9117930473233269,,A M E,16.75,1.0,,
train-020827-6779fc3e4668ec01,2,11,train,7456268002488019969,pointer,C,A,,,P,False,True,,,-2.8125,0.6875,1.8951272503149748,,A M E,16.375,0.9999998807907104,,
train-020827-6779fc3e4668ec01,2,12,train,7456268002488019969,pointer,C,A,,,P,False,True,,,-2.875,0.84375,1.8744022411593724,,A M E,15.875,0.9999998807907104,,
train-003368-61326747f43db8cb,3,1,train,7003773929252567243,pointer,Y,G,G,True,P,False,False,3.576278118089249e-07,15.875,-19.4375,15.875,8.273595819586194e-06,1,G C F,-26.875,2.129785063587075e-12,False,0.0
train-003368-61326747f43db8cb,3,2,train,7003773929252567243,pointer,Y,S,S,True,P,False,False,4.768370445162873e-07,15.5,-15.5,15.5,9.30467744783301e-06,1,S P T,-15.0625,2.8736855028910213e-07,False,0.0
train-003368-61326747f43db8cb,3,3,train,7003773929252567243,pointer,Y,P,P,True,P,True,False,2.9802276912960224e-06,14.4375,14.4375,14.4375,4.799274650341045e-05,1,P X B,10.375,0.9999687671661377,True,3.120239853160456e-05
train-003368-61326747f43db8cb,3,4,train,7003773929252567243,pointer,Y,K,,,P,False,True,,,-12.4375,11.625,0.0007959225552670382,,K L C,15.625,0.9999998807907104,,
train-003368-61326747f43db8cb,3,5,train,7003773929252567243,pointer,Y,C,,,P,False,True,,,-9.5,6.875,0.04696983304588622,,C F D,17.375,1.0,,
train-003368-61326747f43db8cb,3,6,train,7003773929252567243,pointer,Y,X,,,P,False,True,,,-5.1875,0.625,1.7758719786585573,,X C A,17.25,1.0,,
train-003368-61326747f43db8cb,3,7,train,7003773929252567243,pointer,Y,A,,,P,False,True,,,-5.1875,1.125,1.9288531122052335,,A X D,16.625,0.9999998807907104,,
train-003368-61326747f43db8cb,3,8,train,7003773929252567243,pointer,Y,A,,,P,False,True,,,-5.375,1.6875,1.7445650624366027,,A D R,16.0,0.9999998807907104,,
train-003368-61326747f43db8cb,3,9,train,7003773929252567243,pointer,Y,A,,,P,False,True,,,-5.5,2.125,1.5773963557550132,,A D E,15.375,0.9999997615814209,,
train-003368-61326747f43db8cb,3,10,train,7003773929252567243,pointer,Y,A,,,P,False,True,,,-5.5625,2.125,1.476488483494857,,A E D,14.75,0.9999996423721313,,
train-003368-61326747f43db8cb,3,11,train,7003773929252567243,pointer,Y,A,,,P,False,True,,,-5.65625,2.0625,1.385886183559178,,A E D,14.25,0.9999994039535522,,
train-003368-61326747f43db8cb,3,12,train,7003773929252567243,pointer,Y,A,,,P,False,True,,,-5.734375,1.9375,1.3604368889589609,,A E C,13.8125,0.9999990463256836,,
train-017733-49261001b6b3bef6,4,1,train,5270918013429989110,pointer,A,S,S,True,D,False,False,1.1920928244535389e-07,16.0,-22.8125,16.0,2.0319606551277494e-06,1,S Y N,-31.25,2.681003781880662e-14,False,0.0
train-017733-49261001b6b3bef6,4,2,train,5270918013429989110,pointer,A,H,H,True,D,False,False,0.016262026503682137,4.125,-13.75,4.125,0.08409517621835381,1,H N J,-24.25,2.940077695190446e-11,False,0.0
train-017733-49261001b6b3bef6,4,3,train,5270918013429989110,pointer,A,Q,Q,True,D,False,False,1.0728830375228426e-06,15.625,-16.75,15.625,1.917158136484936e-05,1,Q T X,-9.1875,0.00010229986219201237,False,0.00010204315185546875
train-017733-49261001b6b3bef6,4,4,train,5270918013429989110,pointer,A,D,D,True,D,True,False,5.209310256759636e-05,11.0625,11.0625,11.0625,0.0006956578803750055,1,D F C,10.5625,0.9999741315841675,True,2.5867766453302465e-05
train-017733-49261001b6b3bef6,4,5,train,5270918013429989110,pointer,A,F,,,D,False,True,,,-12.0625,12.0625,0.0001355204314473426,,F D C,15.75,0.9999998807907104,,
train-017733-49261001b6b3bef6,4,6,train,5270918013429989110,pointer,A,R,,,D,False,True,,,-11.4375,10.125,0.0032258428622464765,,R Q F,16.375,0.9999998807907104,,
train-017733-49261001b6b3bef6,4,7,train,5270918013429989110,pointer,A,R,,,D,False,True,,,-5.6875,3.625,0.47062312729583755,,R X Q,17.375,1.0,,
train-017733-49261001b6b3bef6,4,8,train,5270918013429989110,pointer,A,R,,,D,False,True,,,-1.5625,0.3125,2.2857185657116923,,R X Q,17.125,1.0,,
train-017733-49261001b6b3bef6,4,9,train,5270918013429989110,pointer,A,A,,,D,False,True,,,-0.5625,0.0,2.4149906828594143,,A X Q,16.625,0.9999998807907104,,
train-017733-49261001b6b3bef6,4,10,train,5270918013429989110,pointer,A,A,,,D,False,True,,,-1.125,0.8125,2.309268148119333,,A X D,15.875,0.9999998807907104,,
train-017733-49261001b6b3bef6,4,11,train,5270918013429989110,pointer,A,A,,,D,False,True,,,-1.9375,1.5,2.036443339987162,,A X L,15.25,0.9999997615814209,,
train-017733-49261001b6b3bef6,4,12,train,5270918013429989110,pointer,A,A,,,D,False,True,,,-2.71875,2.09375,1.7362636124533546,,A X L,14.625,0.9999995231628418,,
train-028795-27764c7612ec233b,5,1,train,2843544284738364219,pointer,K,F,F,True,B,False,False,-0.0,18.25,-18.5625,18.25,1.178759752531632e-06,1,F C B,-30.625,5.008774834778726e-14,False,0.0
train-028795-27764c7612ec233b,5,2,train,2843544284738364219,pointer,K,Y,Y,True,B,False,False,1.9073468138230965e-06,13.625,-18.4375,13.625,2.938804474162798e-05,1,Y I X,-28.375,4.75219310517444e-13,False,0.0
train-028795-27764c7612ec233b,5,3,train,2843544284738364219,pointer,K,S,S,True,B,False,False,4.291525328881107e-06,13.6875,-15.75,13.6875,7.108963830246858e-05,1,S T Y,-20.875,8.592166977905435e-10,False,0.0
train-028795-27764c7612ec233b,5,4,train,2843544284738364219,pointer,K,M,M,True,B,False,False,3.158996332786046e-05,11.0,-15.375,11.0,0.0004210077596565466,1,M L H,-7.375,0.000626334163825959,False,0.0006265640258789062
train-028795-27764c7612ec233b,5,5,train,2843544284738364219,pointer,K,B,B,True,B,True,False,7.271502545336261e-05,10.5,10.5,10.5,0.0009336321719477905,1,B A C,9.25,0.9999039173126221,True,9.610703273210675e-05
train-028795-27764c7612ec233b,5,6,train,2843544284738364219,pointer,K,I,,,B,False,True,,,-12.375,10.6875,0.001151214375634456,,I L E,13.1875,0.9999980926513672,,
train-028795-27764c7612ec233b,5,7,train,2843544284738364219,pointer,K,W,,,B,False,True,,,-7.75,2.875,0.5853079058077787,,W V Z,15.0,0.9999996423721313,,
train-028795-27764c7612ec233b,5,8,train,2843544284738364219,pointer,K,V,,,B,False,True,,,-5.8125,0.5625,1.890824388983219,,V Y Z,15.75,0.9999998807907104,,
train-028795-27764c7612ec233b,5,9,train,2843544284738364219,pointer,K,Y,,,B,False,True,,,-5.1875,0.5625,2.109537431343806,,Y V X,15.6875,0.9999998807907104,,
train-028795-27764c7612ec233b,5,10,train,2843544284738364219,pointer,K,Y,,,B,False,True,,,-4.375,0.5625,2.379439919974781,,Y L X,15.375,0.9999997615814209,,
train-028795-27764c7612ec233b,5,11,train,2843544284738364219,pointer,K,A,,,B,False,True,,,-3.90625,0.5625,2.4277944040548047,,A L X,14.9375,0.9999996423721313,,
train-028795-27764c7612ec233b,5,12,train,2843544284738364219,pointer,K,A,,,B,False,True,,,-4.125,1.25,2.1971491087446,,A L X,14.4375,0.9999994039535522,,
train-019796-373751f984ea1f29,6,1,train,3978738927923765033,pointer,B,L,L,True,Z,False,False,1.6689286894688848e-06,14.25,-17.9375,14.25,2.65342695940833e-05,1,L M C,-33.75,2.200701923008052e-15,False,0.0
train-019796-373751f984ea1f29,6,2,train,3978738927923765033,pointer,B,X,X,True,Z,False,False,8.344646857949556e-07,15.5,-19.3125,15.5,1.5483828764325756e-05,1,X S Y,-29.25,1.9810089441248124e-13,False,0.0
train-019796-373751f984ea1f29,6,3,train,3978738927923765033,pointer,B,E,E,True,Z,False,False,1.6331539882230572e-05,12.0,-17.875,12.0,0.00023134071069122266,1,E U F,-25.25,1.0815941024755471e-11,False,0.0
train-019796-373751f984ea1f29,6,4,train,3978738927923765033,pointer,B,S,S,True,Z,False,False,6.651657167822123e-05,10.6875,-12.625,10.6875,0.0008746917539786726,1,S T X,-18.5,9.23744991609965e-09,False,0.0
train-019796-373751f984ea1f29,6,5,train,3978738927923765033,pointer,B,H,H,True,Z,False,False,1.7404405298293568e-05,12.0625,-14.625,12.0625,0.0002510006967632941,1,H J K,-5.3125,0.004905405919998884,False,0.004917621612548828
train-019796-373751f984ea1f29,6,6,train,3978738927923765033,pointer,B,Z,Z,True,Z,True,False,0.0001776060671545565,10.0,10.0,10.0,0.0021304136243565073,1,Z X O,9.0,0.9998766183853149,True,0.0001234021910931915
train-019796-373751f984ea1f29,6,7,train,3978738927923765033,pointer,B,V,,,Z,False,True,,,-10.0,10.0,0.00240780099274718,,V Z W,12.5625,0.999996542930603,,
train-019796-373751f984ea1f29,6,8,train,3978738927923765033,pointer,B,O,,,Z,False,True,,,-9.1875,8.75,0.005797921132740582,,O V Z,13.125,0.9999979734420776,,
train-019796-373751f984ea1f29,6,9,train,3978738927923765033,pointer,B,O,,,Z,False,True,,,-5.625,5.625,0.05773763579910697,,O Z X,13.75,0.999998927116394,,
train-019796-373751f984ea1f29,6,10,train,3978738927923765033,pointer,B,O,,,Z,False,True,,,-2.125,2.125,0.6223598042387601,,O Z X,13.875,0.9999990463256836,,
train-019796-373751f984ea1f29,6,11,train,3978738927923765033,pointer,B,O,,,Z,False,True,,,-0.5,0.5,1.541393006486214,,O Z X,13.75,0.999998927116394,,
train-019796-373751f984ea1f29,6,12,train,3978738927923765033,pointer,B,A,,,Z,False,True,,,-0.5,0.0,2.0429136477256846,,A X O,13.5625,0.9999986886978149,,
train-022461-c21a597501cb14a7,8,1,train,13986589951828628647,pointer,M,U,U,True,P,False,False,1.4781842764932662e-05,12.5,-14.9375,12.5,0.00021890830923084208,1,U A W,-36.5,1.406861771338595e-16,False,0.0
train-022461-c21a597501cb14a7,8,2,train,13986589951828628647,pointer,M,J,J,True,P,False,False,4.0531076592742465e-06,14.1875,-16.25,14.1875,6.574951034412094e-05,1,J B C,-34.75,8.09592979254917e-16,False,0.0
train-022461-c21a597501cb14a7,8,3,train,13986589951828628647,pointer,M,O,O,True,P,False,False,2.3603161025675945e-05,12.3125,-14.9375,12.3125,0.00033296082194047655,1,O I Q,-30.375,6.431393774746635e-14,False,0.0
train-022461-c21a597501cb14a7,8,4,train,13986589951828628647,pointer,M,R,R,True,P,False,False,0.00015186110977083445,9.25,-13.375,9.25,0.001705319820324642,1,R M F,-26.75,2.4133626954497833e-12,False,0.0
train-022461-c21a597501cb14a7,8,5,train,13986589951828628647,pointer,M,F,F,True,P,False,False,9.738924563862383e-05,9.375,-14.625,9.375,0.0010590307844731996,1,F C D,-23.875,4.2777878461741636e-11,False,0.0
train-022461-c21a597501cb14a7,8,6,train,13986589951828628647,pointer,M,D,D,True,P,False,False,5.566918844124302e-05,10.75,-13.4375,10.75,0.0007190793538383384,1,D C U,-14.75,3.9278620533877984e-07,False,0.0
train-022461-c21a597501cb14a7,8,7,train,13986589951828628647,pointer,M,C,C,True,P,False,False,3.516612196108326e-05,11.6875,-13.0,11.6875,0.0004901681614168922,1,C E D,-5.71875,0.0032730652019381523,False,0.0032782554626464844
train-022461-c21a597501cb14a7,8,8,train,13986589951828628647,pointer,M,P,P,True,P,True,False,0.0003067976504098624,9.125,9.125,9.125,0.003469765861961226,1,P C Q,5.03125,0.9935117363929749,True,0.006509409751743078
train-022461-c21a597501cb14a7,8,9,train,13986589951828628647,pointer,M,Y,,,P,False,True,,,-12.9375,9.25,0.002953773105392706,,Y X I,8.25,0.9997387528419495,,
train-022461-c21a597501cb14a7,8,10,train,13986589951828628647,pointer,M,O,,,P,False,True,,,-15.0,10.75,0.00048571984516700085,,O A I,9.75,0.9999417066574097,,
train-022461-c21a597501cb14a7,8,11,train,13986589951828628647,pointer,M,R,,,P,False,True,,,-12.5625,3.875,0.10108722179676022,,R O F,11.5,0.9999898672103882,,
train-022461-c21a597501cb14a7,8,12,train,13986589951828628647,pointer,M,R,,,P,False,True,,,-6.25,1.25,1.118382141512782,,R C F,12.125,0.9999946355819702,,
train-024586-6b37caa76a689511,10,1,train,7725866506170963217,pointer,A,N,N,True,J,False,False,0.00025340684805996716,9.625,-13.5,9.625,0.0029488328956837773,1,N A Z,-35.0,6.305116853596367e-16,False,0.0
train-024586-6b37caa76a689511,10,2,train,7725866506170963217,pointer,A,Z,Z,True,J,False,False,0.0003575639275368303,8.375,-14.1875,8.375,0.0037020821830735687,1,Z Q I,-35.5,3.824246554245779e-16,False,0.0
train-024586-6b37caa76a689511,10,3,train,7725866506170963217,pointer,A,W,W,True,J,False,False,0.00022933237778488547,8.75,-15.375,8.75,0.0024880903319012934,1,W X Z,-31.375,2.365977659830095e-14,False,0.0
train-024586-6b37caa76a689511,10,4,train,7725866506170963217,pointer,A,P,P,True,J,False,False,0.001206861576065421,6.75,-15.9375,6.75,0.009519293451479671,1,P X Q,-29.75,1.2015425275829078e-13,False,0.0
train-024586-6b37caa76a689511,10,5,train,7725866506170963217,pointer,A,U,U,True,J,False,False,6.19869097135961e-05,10.25,-15.4375,10.25,0.0007830252896382391,1,U X E,-26.25,3.978962558742749e-12,False,0.0
train-024586-6b37caa76a689511,10,6,train,7725866506170963217,pointer,A,I,I,True,J,False,False,7.271502545336261e-05,11.1875,-11.1875,11.1875,0.0009638689949611455,1,I J N,-23.5,6.22414481066258e-11,False,0.0
train-024586-6b37caa76a689511,10,7,train,7725866506170963217,pointer,A,Q,Q,True,J,False,False,0.00015770144818816334,9.0,-15.4375,9.0,0.0016672377839083256,1,Q P X,-20.125,1.8189617589925433e-09,False,0.0
train-024586-6b37caa76a689511,10,8,train,7725866506170963217,pointer,A,B,B,True,J,False,False,0.00014125302550382912,9.6875,-13.5625,9.6875,0.001712877354713251,1,B C A,-12.6875,3.089494384767022e-06,False,2.86102294921875e-06
train-024586-6b37caa76a689511,10,9,train,7725866506170963217,pointer,A,T,T,True,J,False,False,0.0002057340752799064,9.5,-15.1875,9.5,0.002367162907856652,1,T Q Z,-9.0,0.00012339458044152707,False,0.00012302398681640625
train-024586-6b37caa76a689511,10,10,train,7725866506170963217,pointer,A,J,J,True,J,True,False,4.482168878894299e-05,10.625,10.625,10.625,0.0005768102052484384,1,J I K,1.4609375,0.8116759657859802,True,0.2086540162563324
train-024586-6b37caa76a689511,10,11,train,7725866506170963217,pointer,A,X,,,J,False,True,,,-14.625,9.0,0.002325362748122203,,X U Q,5.4375,0.9956685304641724,,
train-024586-6b37caa76a689511,10,12,train,7725866506170963217,pointer,A,I,,,J,False,True,,,-11.6875,9.625,0.003014628664295495,,I A E,7.40625,0.9993928670883179,,
train-003509-caf5a9687f5bf1c5,12,1,train,14624781631233978821,pointer,P,N,N,True,B,False,False,2.753696753643453e-05,12.625,-12.75,12.625,0.00039643641835898126,1,N A S,-36.0,2.3195229636950566e-16,False,0.0
train-003509-caf5a9687f5bf1c5,12,2,train,14624781631233978821,pointer,P,I,I,True,B,False,False,2.074220174108632e-05,11.6875,-14.375,11.6875,0.0002923372193228687,1,I J A,-34.0,1.71390848833098e-15,False,0.0
train-003509-caf5a9687f5bf1c5,12,3,train,14624781631233978821,pointer,P,W,W,True,B,False,False,0.00018988236843142658,9.125,-12.6875,9.125,0.0021686751739639315,1,W E O,-33.75,2.200701923008052e-15,False,0.0
train-003509-caf5a9687f5bf1c5,12,4,train,14624781631233978821,pointer,P,Z,Z,True,B,False,False,0.40300294756889343,0.75,-9.625,0.75,0.7243372220724396,1,Z L W,-31.375,2.365977659830095e-14,False,0.0
train-003509-caf5a9687f5bf1c5,12,5,train,14624781631233978821,pointer,P,S,S,True,B,False,False,0.00036054308293387294,9.375,-11.875,9.375,0.004132382631192947,1,S J W,-30.0,9.357623589846195e-14,False,0.0
train-003509-caf5a9687f5bf1c5,12,6,train,14624781631233978821,pointer,P,X,X,True,B,False,False,0.0006515049026347697,8.25,-11.5,8.25,0.006848977649817273,1,X A P,-25.25,1.0815941024755471e-11,False,0.0
train-003509-caf5a9687f5bf1c5,12,7,train,14624781631233978821,pointer,P,O,O,True,B,False,False,6.19869097135961e-05,10.625,-13.6875,10.625,0.0008053331742463104,1,O E W,-24.5,2.2897348947448215e-11,False,0.0
train-003509-caf5a9687f5bf1c5,12,8,train,14624781631233978821,pointer,P,Y,Y,True,B,False,False,0.00022373080719262362,9.0,-13.5625,9.0,0.0025056870766432117,1,Y X Z,-20.25,1.6052281726075535e-09,False,0.0
train-003509-caf5a9687f5bf1c5,12,9,train,14624781631233978821,pointer,P,L,L,True,B,False,False,0.0004111875023227185,8.6875,-12.3125,8.6875,0.0044086153150566755,1,L D M,-15.625,1.6373768119137821e-07,False,0.0
train-003509-caf5a9687f5bf1c5,12,10,train,14624781631233978821,pointer,P,K,K,True,B,False,False,0.0008823553798720241,7.9375,-10.0625,7.9375,0.009163017981731044,1,K J C,-9.9375,4.832564081880264e-05,False,4.863739013671875e-05
train-003509-caf5a9687f5bf1c5,12,11,train,14624781631233978821,pointer,P,J,J,True,B,False,False,3.659658250398934e-05,11.4375,-11.4375,11.4375,0.0005022738108343235,1,J B K,-4.1875,0.014957086183130741,False,0.015069961547851562
train-003509-caf5a9687f5bf1c5,12,12,train,14624781631233978821,pointer,P,B,B,True,B,True,False,0.0006457865820266306,7.875,7.875,7.875,0.006503799204089718,1,B J C,2.953125,0.9504110217094421,True,0.05086078122258186
