example_id,task_depth,loop,split,seed,family,initial_state,prediction,intermediate_target,intermediate_correct,final_target,final_correct,post_completion,intermediate_loss,intermediate_margin,final_margin
train-018918-8d17cf9df281e85e,1,1,train,10166822961097599070,pointer,X,E,E,True,E,True,False,3.182837463100441e-05,11.962006568908691,11.962006568908691
train-018918-8d17cf9df281e85e,1,2,train,10166822961097599070,pointer,X,A,,,E,False,True,,,-12.45871353149414
train-018918-8d17cf9df281e85e,1,3,train,10166822961097599070,pointer,X,D,,,E,False,True,,,-11.081526756286621
train-018918-8d17cf9df281e85e,1,4,train,10166822961097599070,pointer,X,O,,,E,False,True,,,-9.04015827178955
train-011449-90418c24029556d7,2,1,train,10394743501237868247,pointer,W,Z,Z,True,J,False,False,3.981510963058099e-05,12.258798599243164,-12.830241203308105
train-011449-90418c24029556d7,2,2,train,10394743501237868247,pointer,W,J,J,True,J,True,False,3.6000557884108275e-05,11.549853324890137,11.549853324890137
train-011449-90418c24029556d7,2,3,train,10394743501237868247,pointer,W,A,,,J,False,True,,,-12.959596157073975
train-011449-90418c24029556d7,2,4,train,10394743501237868247,pointer,W,M,,,J,False,True,,,-15.750563621520996
train-004340-eb54913a1a4ca33b,3,1,train,16957338175692120891,pointer,U,M,M,True,L,False,False,1.2636104656849056e-05,12.353302955627441,-13.502870559692383
train-004340-eb54913a1a4ca33b,3,2,train,16957338175692120891,pointer,U,R,R,True,L,False,False,0.00028046013903804123,10.004575729370117,-10.457978248596191
train-004340-eb54913a1a4ca33b,3,3,train,16957338175692120891,pointer,U,L,L,True,L,True,False,0.00135389668866992,7.764339447021484,7.764339447021484
train-004340-eb54913a1a4ca33b,3,4,train,16957338175692120891,pointer,U,R,,,L,False,True,,,-10.101893424987793
train-019899-f91350f60647baa1,4,1,train,17947777957599099553,pointer,B,T,T,True,D,False,False,8.34461570775602e-06,13.52894401550293,-13.52894401550293
train-019899-f91350f60647baa1,4,2,train,17947777957599099553,pointer,B,O,O,True,D,False,False,0.00012754580529872328,10.224128723144531,-12.012123107910156
train-019899-f91350f60647baa1,4,3,train,17947777957599099553,pointer,B,X,X,True,D,False,False,3.6000557884108275e-05,11.938593864440918,-13.133190155029297
train-019899-f91350f60647baa1,4,4,train,17947777957599099553,pointer,B,D,D,True,D,True,False,0.00030870441696606576,9.661796569824219,9.661796569824219
train-002386-e88ec56ac7c0bf5c,5,1,train,16757548325900697436,pointer,S,Q,Q,True,T,False,False,1.2278481335670222e-05,12.948305130004883,-14.050751686096191
train-002386-e88ec56ac7c0bf5c,5,2,train,16757548325900697436,pointer,S,J,J,True,T,False,False,9.667406266089529e-05,10.827193260192871,-11.999646186828613
train-002386-e88ec56ac7c0bf5c,5,3,train,16757548325900697436,pointer,S,O,O,True,T,False,False,0.00016699827392585576,9.435083389282227,-12.65589427947998
train-002386-e88ec56ac7c0bf5c,5,4,train,16757548325900697436,pointer,S,Y,Y,True,T,False,False,0.0003133521240670234,9.56739330291748,-10.868305206298828
train-002386-e88ec56ac7c0bf5c,5,5,train,16757548325900697436,pointer,S,T,T,True,T,True,False,0.0010231266496703029,8.726072311401367,8.726072311401367
train-002386-e88ec56ac7c0bf5c,5,6,train,16757548325900697436,pointer,S,U,,,T,False,True,,,-10.68415117263794
train-028313-f2c96a0932a86a65,6,1,train,17494630815234550373,pointer,S,W,W,True,J,False,False,4.482168878894299e-05,11.72822380065918,-14.54096794128418
train-028313-f2c96a0932a86a65,6,2,train,17494630815234550373,pointer,S,Y,Y,True,J,False,False,0.00013839241000823677,10.158836364746094,-13.226670742034912
train-028313-f2c96a0932a86a65,6,3,train,17494630815234550373,pointer,S,H,H,True,J,False,False,0.0002611534437164664,10.216166496276855,-13.259546279907227
train-028313-f2c96a0932a86a65,6,4,train,17494630815234550373,pointer,S,V,V,True,J,False,False,0.00016532962035853416,10.239118576049805,-12.817420959472656
train-028313-f2c96a0932a86a65,6,5,train,17494630815234550373,pointer,S,Z,Z,True,J,False,False,0.0025491383858025074,6.231441497802734,-12.188831329345703
train-028313-f2c96a0932a86a65,6,6,train,17494630815234550373,pointer,S,J,J,True,J,True,False,0.016341308131814003,4.191776275634766,4.191776275634766
train-004470-44a976e52705ae16,1,1,train,4947616392217472534,pointer,X,Y,Y,True,Y,True,False,0.0027367540169507265,5.991994857788086,5.991994857788086
train-004470-44a976e52705ae16,1,2,train,4947616392217472534,pointer,X,R,,,Y,False,True,,,-14.026187896728516
train-004470-44a976e52705ae16,1,3,train,4947616392217472534,pointer,X,B,,,Y,False,True,,,-13.684728622436523
train-004470-44a976e52705ae16,1,4,train,4947616392217472534,pointer,X,E,,,Y,False,True,,,-14.144901752471924
train-004470-44a976e52705ae16,1,5,train,4947616392217472534,pointer,X,K,,,Y,False,True,,,-14.405101776123047
train-004470-44a976e52705ae16,1,6,train,4947616392217472534,pointer,X,Q,,,Y,False,True,,,-16.345736980438232
train-015625-98a52c7d035fd65e,2,1,train,10999246580361451102,pointer,O,L,L,True,N,False,False,7.176141662057489e-05,10.961140632629395,-13.809576034545898
train-015625-98a52c7d035fd65e,2,2,train,10999246580361451102,pointer,O,N,N,True,N,True,False,0.00014327930693980306,10.529829025268555,10.529829025268555
train-015625-98a52c7d035fd65e,2,3,train,10999246580361451102,pointer,O,I,,,N,False,True,,,-12.033631324768066
train-015625-98a52c7d035fd65e,2,4,train,10999246580361451102,pointer,O,T,,,N,False,True,,,-11.716885566711426
train-015625-98a52c7d035fd65e,2,5,train,10999246580361451102,pointer,O,S,,,N,False,True,,,-10.725926876068115
train-015625-98a52c7d035fd65e,2,6,train,10999246580361451102,pointer,O,A,,,N,False,True,,,-8.686890125274658
train-017756-9fd27179430b08f9,3,1,train,11516391962769557753,pointer,V,T,T,True,E,False,False,0.00011586471373448148,11.412558555603027,-12.861485481262207
train-017756-9fd27179430b08f9,3,2,train,11516391962769557753,pointer,V,O,O,True,E,False,False,0.00015376816736534238,10.060697555541992,-10.060697555541992
train-017756-9fd27179430b08f9,3,3,train,11516391962769557753,pointer,V,E,E,True,E,True,False,7.819823804311454e-05,10.388212203979492,10.388212203979492
train-017756-9fd27179430b08f9,3,4,train,11516391962769557753,pointer,V,J,,,E,False,True,,,-11.618852615356445
train-017756-9fd27179430b08f9,3,5,train,11516391962769557753,pointer,V,Q,,,E,False,True,,,-5.41279411315918
train-017756-9fd27179430b08f9,3,6,train,11516391962769557753,pointer,V,T,,,E,False,True,,,-4.7610368728637695
train-029223-3e677bc62d285171,4,1,train,4496698844044087665,pointer,I,H,H,True,E,False,False,1.597391747054644e-05,12.692680358886719,-15.503585815429688
train-029223-3e677bc62d285171,4,2,train,4496698844044087665,pointer,I,N,N,True,E,False,False,2.3603161025675945e-05,12.251294136047363,-15.123358249664307
train-029223-3e677bc62d285171,4,3,train,4496698844044087665,pointer,I,X,X,True,E,False,False,0.000929400441236794,8.015827178955078,-8.015827178955078
train-029223-3e677bc62d285171,4,4,train,4496698844044087665,pointer,I,E,E,True,E,True,False,7.545663538621739e-05,11.33275318145752,11.33275318145752
train-029223-3e677bc62d285171,4,5,train,4496698844044087665,pointer,I,G,,,E,False,True,,,-10.822858810424805
train-029223-3e677bc62d285171,4,6,train,4496698844044087665,pointer,I,O,,,E,False,True,,,-6.126355171203613
train-010000-e6cddc3523a70b36,5,1,train,16631191119738637110,pointer,X,S,S,True,O,False,False,4.684815212385729e-05,11.42176628112793,-15.528838157653809
train-010000-e6cddc3523a70b36,5,2,train,16631191119738637110,pointer,X,L,L,True,O,False,False,0.0004318020073696971,8.94809627532959,-13.934633731842041
train-010000-e6cddc3523a70b36,5,3,train,16631191119738637110,pointer,X,G,G,True,O,False,False,0.00032240914879366755,9.71607780456543,-13.212448120117188
train-010000-e6cddc3523a70b36,5,4,train,16631191119738637110,pointer,X,I,I,True,O,False,False,0.0005658455775119364,7.975727081298828,-11.755558013916016
train-010000-e6cddc3523a70b36,5,5,train,16631191119738637110,pointer,X,O,O,True,O,True,False,0.0017003853572532535,6.943689346313477,6.943689346313477
train-010000-e6cddc3523a70b36,5,6,train,16631191119738637110,pointer,X,Z,,,O,False,True,,,-12.360342025756836
train-022811-fe71323fa6938064,6,1,train,18334490806961012836,pointer,N,K,K,True,R,False,False,1.847726889536716e-05,11.902234077453613,-15.247692108154297
train-022811-fe71323fa6938064,6,2,train,18334490806961012836,pointer,N,C,C,True,R,False,False,0.00017641419253777713,10.4957275390625,-11.688166618347168
train-022811-fe71323fa6938064,6,3,train,18334490806961012836,pointer,N,O,O,True,R,False,False,0.00035720644518733025,9.347944259643555,-11.343103408813477
train-022811-fe71323fa6938064,6,4,train,18334490806961012836,pointer,N,H,H,True,R,False,False,0.001443892833776772,7.857598304748535,-10.09725284576416
train-022811-fe71323fa6938064,6,5,train,18334490806961012836,pointer,N,J,J,True,R,False,False,0.0006326819420792162,8.56987190246582,-9.223603248596191
train-022811-fe71323fa6938064,6,6,train,18334490806961012836,pointer,N,R,R,True,R,True,False,0.0010659971740096807,8.837750434875488,8.837750434875488
train-010098-a1ea24277b65b0f9,1,1,train,11667177536649277689,pointer,D,N,N,True,N,True,False,4.3987260141875595e-05,12.211760520935059,12.211760520935059
train-010098-a1ea24277b65b0f9,1,2,train,11667177536649277689,pointer,D,C,,,N,False,True,,,-11.246291160583496
train-010098-a1ea24277b65b0f9,1,3,train,11667177536649277689,pointer,D,P,,,N,False,True,,,-10.467548370361328
train-010098-a1ea24277b65b0f9,1,4,train,11667177536649277689,pointer,D,Y,,,N,False,True,,,-10.067665100097656
train-009787-790a789a2465c6fd,2,1,train,8721916231787333373,pointer,F,M,M,True,Z,False,False,6.437280717364047e-06,12.603560447692871,-18.20728874206543
train-009787-790a789a2465c6fd,2,2,train,8721916231787333373,pointer,F,Z,Z,True,Z,True,False,0.002808200428262353,6.163905143737793,6.163905143737793
train-009787-790a789a2465c6fd,2,3,train,8721916231787333373,pointer,F,R,,,Z,False,True,,,-12.029930114746094
train-009787-790a789a2465c6fd,2,4,train,8721916231787333373,pointer,F,Y,,,Z,False,True,,,-14.740353107452393
train-027986-c9239c66e282c8ae,3,1,train,14493599991509207214,pointer,Y,P,P,True,Z,False,False,4.529942543740617e-06,13.848946571350098,-19.002434730529785
train-027986-c9239c66e282c8ae,3,2,train,14493599991509207214,pointer,Y,T,T,True,Z,False,False,0.00016926287207752466,10.693931579589844,-12.943231582641602
train-027986-c9239c66e282c8ae,3,3,train,14493599991509207214,pointer,Y,Z,Z,True,Z,True,False,0.000270091783022508,10.024246215820312,10.024246215820312
train-027986-c9239c66e282c8ae,3,4,train,14493599991509207214,pointer,Y,J,,,Z,False,True,,,-16.32160997390747
train-020487-7e09dd429003e6ad,4,1,train,9082033401523070637,pointer,I,V,V,True,C,False,False,1.0847986231965479e-05,12.826735496520996,-13.863040924072266
train-020487-7e09dd429003e6ad,4,2,train,9082033401523070637,pointer,I,O,O,True,C,False,False,1.1205610462639015e-05,13.156593322753906,-14.060968399047852
train-020487-7e09dd429003e6ad,4,3,train,9082033401523070637,pointer,I,B,B,True,C,False,False,0.0007122601964510977,8.418560981750488,-8.418560981750488
train-020487-7e09dd429003e6ad,4,4,train,9082033401523070637,pointer,I,C,C,True,C,True,False,0.0015245969407260418,8.799307823181152,8.799307823181152
train-029212-b241c56ba036a9fd,5,1,train,12844764678277474813,pointer,P,Y,Y,True,H,False,False,4.0411134250462055e-05,10.30824089050293,-16.643516540527344
train-029212-b241c56ba036a9fd,5,2,train,12844764678277474813,pointer,P,B,B,True,H,False,False,0.0008657997823320329,8.136086463928223,-11.404547691345215
train-029212-b241c56ba036a9fd,5,3,train,12844764678277474813,pointer,P,C,C,True,H,False,False,0.0006473353132605553,9.413991928100586,-10.11129093170166
train-029212-b241c56ba036a9fd,5,4,train,12844764678277474813,pointer,P,K,K,True,H,False,False,0.0002215855201939121,10.299870491027832,-12.796723365783691
train-029212-b241c56ba036a9fd,5,5,train,12844764678277474813,pointer,P,H,H,True,H,True,False,0.000179036331246607,9.977147102355957,9.977147102355957
train-029212-b241c56ba036a9fd,5,6,train,12844764678277474813,pointer,P,I,,,H,False,True,,,-11.65885591506958
train-017837-19727b586fce5f26,6,1,train,1833663618056347430,pointer,S,Q,Q,True,Z,False,False,2.884823152271565e-05,12.272198677062988,-15.180036544799805
train-017837-19727b586fce5f26,6,2,train,1833663618056347430,pointer,S,Y,Y,True,Z,False,False,6.01988795096986e-05,10.524097442626953,-16.192894458770752
train-017837-19727b586fce5f26,6,3,train,1833663618056347430,pointer,S,G,G,True,Z,False,False,0.00042715485324151814,9.6409330368042,-15.331758499145508
train-017837-19727b586fce5f26,6,4,train,1833663618056347430,pointer,S,D,D,True,Z,False,False,0.0006023023161105812,9.056485176086426,-12.68722915649414
train-017837-19727b586fce5f26,6,5,train,1833663618056347430,pointer,S,U,U,True,Z,False,False,0.000719645875506103,8.403603553771973,-11.864229202270508
train-017837-19727b586fce5f26,6,6,train,1833663618056347430,pointer,S,Z,Z,True,Z,True,False,0.0008775911992415786,8.215572357177734,8.215572357177734
train-010380-6abc5372ba39baf7,1,1,train,7691114015857687287,pointer,I,A,A,True,A,True,False,1.5258672647178173e-05,12.05016803741455,12.05016803741455
train-010380-6abc5372ba39baf7,1,2,train,7691114015857687287,pointer,I,N,,,A,False,True,,,-12.510275840759277
train-010380-6abc5372ba39baf7,1,3,train,7691114015857687287,pointer,I,O,,,A,False,True,,,-11.876924514770508
train-010380-6abc5372ba39baf7,1,4,train,7691114015857687287,pointer,I,D,,,A,False,True,,,-10.716943740844727
train-010380-6abc5372ba39baf7,1,5,train,7691114015857687287,pointer,I,E,,,A,False,True,,,-12.835304260253906
train-010380-6abc5372ba39baf7,1,6,train,7691114015857687287,pointer,I,S,,,A,False,True,,,-10.523314476013184
train-005347-c69382a43f4ad6fb,2,1,train,14308924083034314491,pointer,T,V,V,True,B,False,False,2.658331868587993e-05,12.515143394470215,-13.174803733825684
train-005347-c69382a43f4ad6fb,2,2,train,14308924083034314491,pointer,T,B,B,True,B,True,False,0.0011944787111133337,7.566865921020508,7.566865921020508
train-005347-c69382a43f4ad6fb,2,3,train,14308924083034314491,pointer,T,F,,,B,False,True,,,-10.661723136901855
train-005347-c69382a43f4ad6fb,2,4,train,14308924083034314491,pointer,T,H,,,B,False,True,,,-10.812135696411133
train-005347-c69382a43f4ad6fb,2,5,train,14308924083034314491,pointer,T,Z,,,B,False,True,,,-10.09140396118164
train-005347-c69382a43f4ad6fb,2,6,train,14308924083034314491,pointer,T,K,,,B,False,True,,,-11.268561363220215
train-001562-ad94044030785602,3,1,train,12507626738852320770,pointer,S,I,I,True,K,False,False,0.00019596086349338293,9.605870246887207,-13.207929611206055
train-001562-ad94044030785602,3,2,train,12507626738852320770,pointer,S,R,R,True,K,False,False,0.00029583368450403214,10.001709938049316,-13.671706199645996
train-001562-ad94044030785602,3,3,train,12507626738852320770,pointer,S,K,K,True,K,True,False,0.0004615910293068737,8.686907768249512,8.686907768249512
train-001562-ad94044030785602,3,4,train,12507626738852320770,pointer,S,T,,,K,False,True,,,-13.251358985900879
train-001562-ad94044030785602,3,5,train,12507626738852320770,pointer,S,U,,,K,False,True,,,-14.115748882293701
train-001562-ad94044030785602,3,6,train,12507626738852320770,pointer,S,J,,,K,False,True,,,-12.612326622009277
train-013215-e45785be941b2fad,4,1,train,16453766817196486573,pointer,R,X,X,True,I,False,False,0.00010096516780322418,9.734635353088379,-14.219414710998535
train-013215-e45785be941b2fad,4,2,train,16453766817196486573,pointer,R,W,W,True,I,False,False,0.0005576247931458056,9.512072563171387,-10.507591247558594
train-013215-e45785be941b2fad,4,3,train,16453766817196486573,pointer,R,J,J,True,I,False,False,0.0001227780303452164,10.529003143310547,-12.186517715454102
train-013215-e45785be941b2fad,4,4,train,16453766817196486573,pointer,R,I,I,True,I,True,False,0.00012599628826137632,10.111063003540039,10.111063003540039
train-013215-e45785be941b2fad,4,5,train,16453766817196486573,pointer,R,N,,,I,False,True,,,-12.805010795593262
train-013215-e45785be941b2fad,4,6,train,16453766817196486573,pointer,R,R,,,I,False,True,,,-12.008895874023438
train-013450-06a0b4c0d0281291,5,1,train,477580300720280209,pointer,K,I,I,True,E,False,False,3.981510963058099e-05,12.089388847351074,-13.491941452026367
train-013450-06a0b4c0d0281291,5,2,train,477580300720280209,pointer,K,A,A,True,E,False,False,0.00044276448898017406,8.913186073303223,-12.369194984436035
train-013450-06a0b4c0d0281291,5,3,train,477580300720280209,pointer,K,J,J,True,E,False,False,0.00044586253352463245,9.53658390045166,-9.53658390045166
train-013450-06a0b4c0d0281291,5,4,train,477580300720280209,pointer,K,W,W,True,E,False,False,0.0009826361201703548,8.57581615447998,-9.684475898742676
train-013450-06a0b4c0d0281291,5,5,train,477580300720280209,pointer,K,E,E,True,E,True,False,0.0002873722987715155,10.006426811218262,10.006426811218262
train-013450-06a0b4c0d0281291,5,6,train,477580300720280209,pointer,K,K,,,E,False,True,,,-8.201322555541992
train-010493-17911b2fd72d3f65,6,1,train,1698168426782867301,pointer,D,E,E,True,Q,False,False,6.9141146923357155e-06,14.004955291748047,-17.763806343078613
train-010493-17911b2fd72d3f65,6,2,train,1698168426782867301,pointer,D,W,W,True,Q,False,False,0.00014351768186315894,10.148221969604492,-15.622655868530273
train-010493-17911b2fd72d3f65,6,3,train,1698168426782867301,pointer,D,Y,Y,True,Q,False,False,0.0004021312633994967,9.156451225280762,-14.952132225036621
train-010493-17911b2fd72d3f65,6,4,train,1698168426782867301,pointer,D,O,O,True,Q,False,False,0.00018666432879399508,10.34464168548584,-15.000485897064209
train-010493-17911b2fd72d3f65,6,5,train,1698168426782867301,pointer,D,F,F,True,Q,False,False,0.0005305789527483284,9.405535697937012,-14.676401615142822
train-010493-17911b2fd72d3f65,6,6,train,1698168426782867301,pointer,D,Q,Q,True,Q,True,False,0.001942891743965447,6.929140090942383,6.929140090942383
